fund,fund_label,asset_family,method,sample_start_date,sample_end_date,observations,periods_per_year,risk_free_rate_pct,final_growth_of_1_dollars,geometric_annual_return_pct,annualised_volatility_pct,sharpe_ratio,maximum_drawdown_pct,calculation_definition,source_artifact
combined_equal_weight,Combined 1/N,combined,equal_weight,2021-01-04,2023-12-29,753,252,0.0,1.52,15.0,21.3,0.763,-28.7,Growth=product(1+r); geometric annual return=growth^(252/n)-1; volatility=sample SD(r)*sqrt(252); Sharpe=mean(r)*252/volatility at 0% risk-free; drawdown=wealth/running peak (including starting $1)-1.,results/tables/performance_metrics.csv
combined_min_variance,Combined minimum variance,combined,min_variance,2021-01-04,2023-12-29,753,252,0.0,1.23,7.04,12.8,0.596,-18.3,Growth=product(1+r); geometric annual return=growth^(252/n)-1; volatility=sample SD(r)*sqrt(252); Sharpe=mean(r)*252/volatility at 0% risk-free; drawdown=wealth/running peak (including starting $1)-1.,results/tables/performance_metrics.csv
combined_active_sector_allocation,Combined active sector allocation,combined,active_sector_sentiment_risk_budget,2021-01-04,2023-12-29,753,252,0.0,1.38,11.5,18.0,0.694,-24.2,Growth=product(1+r); geometric annual return=growth^(252/n)-1; volatility=sample SD(r)*sqrt(252); Sharpe=mean(r)*252/volatility at 0% risk-free; drawdown=wealth/running peak (including starting $1)-1.,results/tables/performance_metrics.csv
combined_growth_sector_allocation,Balanced growth sector allocation,combined,growth_sector_sentiment_risk_budget,2021-01-04,2023-12-29,753,252,0.0,1.35,10.6,16.2,0.701,-21.4,Growth=product(1+r); geometric annual return=growth^(252/n)-1; volatility=sample SD(r)*sqrt(252); Sharpe=mean(r)*252/volatility at 0% risk-free; drawdown=wealth/running peak (including starting $1)-1.,results/tables/performance_metrics.csv
combined_aggressive_sector_allocation,Aggressive sector and crypto allocation,combined,aggressive_sector_sentiment_risk_budget,2021-01-04,2023-12-29,753,252,0.0,1.4,11.9,22.5,0.614,-30.9,Growth=product(1+r); geometric annual return=growth^(252/n)-1; volatility=sample SD(r)*sqrt(252); Sharpe=mean(r)*252/volatility at 0% risk-free; drawdown=wealth/running peak (including starting $1)-1.,results/tables/performance_metrics.csv
equity_equal_weight,Equity 1/N,equity,equal_weight,2021-01-04,2023-12-29,753,252,0.0,1.43,12.6,16.2,0.817,-20.3,Growth=product(1+r); geometric annual return=growth^(252/n)-1; volatility=sample SD(r)*sqrt(252); Sharpe=mean(r)*252/volatility at 0% risk-free; drawdown=wealth/running peak (including starting $1)-1.,results/tables/performance_metrics.csv
equity_sentiment_tilt,Equity sentiment tilt,equity,sentiment_tilt,2021-01-04,2023-12-29,753,252,0.0,1.42,12.5,16.2,0.812,-20.3,Growth=product(1+r); geometric annual return=growth^(252/n)-1; volatility=sample SD(r)*sqrt(252); Sharpe=mean(r)*252/volatility at 0% risk-free; drawdown=wealth/running peak (including starting $1)-1.,results/tables/performance_metrics.csv
crypto_equal_weight,Crypto equal weight,crypto,equal_weight,2020-10-01,2023-12-31,1187,365,0.0,3.9,51.9,81.0,0.926,-81.6,Growth=product(1+r); geometric annual return=growth^(365/n)-1; volatility=sample SD(r)*sqrt(365); Sharpe=mean(r)*365/volatility at 0% risk-free; drawdown=wealth/running peak (including starting $1)-1.,results/tables/performance_metrics.csv
crypto_min_variance,Crypto minimum variance,crypto,min_variance,2020-10-01,2023-12-31,1187,365,0.0,5.48,68.7,65.1,1.13,-75.6,Growth=product(1+r); geometric annual return=growth^(365/n)-1; volatility=sample SD(r)*sqrt(365); Sharpe=mean(r)*365/volatility at 0% risk-free; drawdown=wealth/running peak (including starting $1)-1.,results/tables/performance_metrics.csv
