observation_unit,sector,paired_observation_count,vader_mean,finbert_mean,pearson_correlation,spearman_correlation,descriptive_label_agreement_rate,opposite_sign_rate,neutral_non_neutral_rate,vader_positive_rate,vader_negative_rate,vader_neutral_rate,finbert_positive_rate,finbert_negative_rate,finbert_neutral_rate,vader_label_rule,finbert_label_rule,correlation_basis,interpretation_status
clean_headline_row,All,146836,0.10561396115394045,0.047165286807144234,,,0.5364828788580457,0.05236454275518265,0.41115257838677166,0.37444495900187963,0.12983192132719495,0.49572311967092536,0.19587158462502383,0.16342722493121578,0.6407011904437604,positive >= 0.05; negative <= -0.05; otherwise neutral,"argmax of positive, negative, and neutral probabilities",not reported; correlations restricted to matched date-sector observations,descriptive comparison; not accuracy or predictive evidence
clean_headline_row,Comm,11783,0.09946375286429603,0.04274649783597598,,,0.5388271238224561,0.04133073071374013,0.4198421454638038,0.35220232538402785,0.12484087244335058,0.5229568021726215,0.1723669693626411,0.15030128150725622,0.6773317491301027,positive >= 0.05; negative <= -0.05; otherwise neutral,"argmax of positive, negative, and neutral probabilities",not reported; correlations restricted to matched date-sector observations,descriptive comparison; not accuracy or predictive evidence
clean_headline_row,Consumer,25877,0.09437270549136297,0.024443099765600027,,,0.5508752946632144,0.04513660779843104,0.4039880975383545,0.3483402249101519,0.13494609112339143,0.5167136839664567,0.16176527418170575,0.1588283031263284,0.6794064226919658,positive >= 0.05; negative <= -0.05; otherwise neutral,"argmax of positive, negative, and neutral probabilities",not reported; correlations restricted to matched date-sector observations,descriptive comparison; not accuracy or predictive evidence
clean_headline_row,Energy,19365,0.10598643945262069,0.0332147439329058,,,0.5115414407436096,0.05623547637490318,0.4322230828814872,0.41027627162406405,0.1515104570100697,0.43821327136586624,0.2,0.17918925897237284,0.6208107410276271,positive >= 0.05; negative <= -0.05; otherwise neutral,"argmax of positive, negative, and neutral probabilities",not reported; correlations restricted to matched date-sector observations,descriptive comparison; not accuracy or predictive evidence
clean_headline_row,Financials,18269,0.08961586293721606,-0.007591278018842086,,,0.542503694783513,0.07624938420274782,0.38124692101373914,0.359023482401883,0.14844819092451694,0.4925283266736001,0.19475614428813837,0.2186217089057967,0.586622146806065,positive >= 0.05; negative <= -0.05; otherwise neutral,"argmax of positive, negative, and neutral probabilities",not reported; correlations restricted to matched date-sector observations,descriptive comparison; not accuracy or predictive evidence
clean_headline_row,Healthcare,14697,0.107321541811254,0.1350363392878146,,,0.5300401442471253,0.05286793223106757,0.4170919235218072,0.37225284071579234,0.1266925222834592,0.5010546370007485,0.24610464720691297,0.12043274137579098,0.6334626114172961,positive >= 0.05; negative <= -0.05; otherwise neutral,"argmax of positive, negative, and neutral probabilities",not reported; correlations restricted to matched date-sector observations,descriptive comparison; not accuracy or predictive evidence
clean_headline_row,Industrials,13156,0.09012601854667072,0.017253522672111384,,,0.5538917604134995,0.06263301915475829,0.38347522043174215,0.3529948312557008,0.14852538765582243,0.49847978108847674,0.2161751292186075,0.20728184858619642,0.5765430221951962,positive >= 0.05; negative <= -0.05; otherwise neutral,"argmax of positive, negative, and neutral probabilities",not reported; correlations restricted to matched date-sector observations,descriptive comparison; not accuracy or predictive evidence
clean_headline_row,Materials,5393,0.09555028740960504,0.04336931265349385,,,0.5727795290190988,0.04116447246430558,0.3860559985165956,0.32338216206193215,0.10068607454107176,0.5759317633969961,0.18542555164101612,0.15371778231040237,0.6608566660485815,positive >= 0.05; negative <= -0.05; otherwise neutral,"argmax of positive, negative, and neutral probabilities",not reported; correlations restricted to matched date-sector observations,descriptive comparison; not accuracy or predictive evidence
clean_headline_row,RealEstate,5339,0.13328361116313917,0.09425507545053238,,,0.5255665855029031,0.026971342948117625,0.4474620715489792,0.38715115190110505,0.07960292189548604,0.5332459262034088,0.1736280202285072,0.09852032215770744,0.7278516576137853,positive >= 0.05; negative <= -0.05; otherwise neutral,"argmax of positive, negative, and neutral probabilities",not reported; correlations restricted to matched date-sector observations,descriptive comparison; not accuracy or predictive evidence
clean_headline_row,Tech,26638,0.1158259891883775,0.06906313506071535,,,0.5460244763120354,0.04692544485321721,0.40705007883474736,0.37968315939635106,0.11731361213304302,0.5030032284706059,0.21056385614535625,0.1529769502214881,0.6364591936331556,positive >= 0.05; negative <= -0.05; otherwise neutral,"argmax of positive, negative, and neutral probabilities",not reported; correlations restricted to matched date-sector observations,descriptive comparison; not accuracy or predictive evidence
clean_headline_row,Utilities,6319,0.17866258901724957,0.07855811890145116,,,0.4489634435828454,0.05301471751859471,0.4980218388985599,0.5181199556891913,0.08640607691090363,0.39547396739990504,0.17661022313657224,0.11473334388352588,0.7086564329799019,positive >= 0.05; negative <= -0.05; otherwise neutral,"argmax of positive, negative, and neutral probabilities",not reported; correlations restricted to matched date-sector observations,descriptive comparison; not accuracy or predictive evidence
matched_date_sector,All,9832,0.11591318907397974,0.06620359538499036,0.3124152646343319,0.3061744019274435,0.2646460537021969,0.02034174125305126,0.7150122050447518,0.7052481692432873,0.05949959316517494,0.23525223759153785,0.06295768917819365,0.04332790886899918,0.8937144019528072,positive >= 0.05; negative <= -0.05; otherwise neutral,"argmax of positive, negative, and neutral probabilities",matched observed date-sector pairs,descriptive comparison; not accuracy or predictive evidence
matched_date_sector,Comm,997,0.10076044695147007,0.055847512873408826,0.31525609213403794,0.2948161011970904,0.2768304914744233,0.01905717151454363,0.7041123370110332,0.6710130391173521,0.07221664994984955,0.2567703109327984,0.04012036108324975,0.037111334002006016,0.9227683049147443,positive >= 0.05; negative <= -0.05; otherwise neutral,"argmax of positive, negative, and neutral probabilities",matched observed date-sector pairs,descriptive comparison; not accuracy or predictive evidence
matched_date_sector,Consumer,998,0.10107306186841342,0.0391425879992713,0.3053545937369237,0.32396985138375645,0.23146292585170342,0.003006012024048096,0.7655310621242485,0.750501002004008,0.025050100200400802,0.22444889779559118,0.009018036072144289,0.00501002004008016,0.9859719438877755,positive >= 0.05; negative <= -0.05; otherwise neutral,"argmax of positive, negative, and neutral probabilities",matched observed date-sector pairs,descriptive comparison; not accuracy or predictive evidence
matched_date_sector,Energy,996,0.11128942392137492,0.04317523599323119,0.40656242573340273,0.37820034094301286,0.2429718875502008,0.01606425702811245,0.7409638554216867,0.7218875502008032,0.06927710843373494,0.20883534136546184,0.06526104417670683,0.06124497991967871,0.8734939759036144,positive >= 0.05; negative <= -0.05; otherwise neutral,"argmax of positive, negative, and neutral probabilities",matched observed date-sector pairs,descriptive comparison; not accuracy or predictive evidence
matched_date_sector,Financials,998,0.09793778840476183,0.015186556063425503,0.3740086207808631,0.35807266802911264,0.2835671342685371,0.03006012024048096,0.6863727454909819,0.6723446893787575,0.07414829659318638,0.2535070140280561,0.04609218436873747,0.056112224448897796,0.8977955911823647,positive >= 0.05; negative <= -0.05; otherwise neutral,"argmax of positive, negative, and neutral probabilities",matched observed date-sector pairs,descriptive comparison; not accuracy or predictive evidence
matched_date_sector,Healthcare,997,0.1100504922434306,0.1319818262685534,0.18234788955330253,0.21003873703126075,0.2688064192577733,0.012036108324974924,0.7191574724172518,0.6900702106318957,0.07422266800401203,0.23570712136409228,0.06519558676028084,0.014042126379137413,0.9207622868605817,positive >= 0.05; negative <= -0.05; otherwise neutral,"argmax of positive, negative, and neutral probabilities",matched observed date-sector pairs,descriptive comparison; not accuracy or predictive evidence
matched_date_sector,Industrials,998,0.1070966679012627,0.04609728462796765,0.3140061610496695,0.32578618537231685,0.27054108216432865,0.026052104208416832,0.7034068136272545,0.6963927855711423,0.05711422845691383,0.24649298597194388,0.06012024048096192,0.06012024048096192,0.8797595190380761,positive >= 0.05; negative <= -0.05; otherwise neutral,"argmax of positive, negative, and neutral probabilities",matched observed date-sector pairs,descriptive comparison; not accuracy or predictive evidence
matched_date_sector,Materials,940,0.09645334285665401,0.053021041395913966,0.3195087099507319,0.314396182046731,0.3468085106382979,0.03297872340425532,0.6202127659574468,0.5904255319148937,0.07765957446808511,0.33191489361702126,0.0851063829787234,0.07765957446808511,0.8372340425531914,positive >= 0.05; negative <= -0.05; otherwise neutral,"argmax of positive, negative, and neutral probabilities",matched observed date-sector pairs,descriptive comparison; not accuracy or predictive evidence
matched_date_sector,RealEstate,940,0.13313343340853884,0.10282976506539557,0.2783422411209597,0.25848749454139985,0.3074468085106383,0.02127659574468085,0.6712765957446809,0.6776595744680851,0.06063829787234042,0.26170212765957446,0.11382978723404255,0.04680851063829787,0.8393617021276596,positive >= 0.05; negative <= -0.05; otherwise neutral,"argmax of positive, negative, and neutral probabilities",matched observed date-sector pairs,descriptive comparison; not accuracy or predictive evidence
matched_date_sector,Tech,1006,0.11934024756850767,0.0851918739211375,0.41571031625942173,0.3453447248067303,0.2117296222664016,0.011928429423459244,0.7763419483101391,0.7743538767395626,0.0437375745526839,0.18190854870775347,0.05168986083499006,0.027833001988071572,0.9204771371769384,positive >= 0.05; negative <= -0.05; otherwise neutral,"argmax of positive, negative, and neutral probabilities",matched observed date-sector pairs,descriptive comparison; not accuracy or predictive evidence
matched_date_sector,Utilities,962,0.18427499011546175,0.0917016679624243,0.23211614361403518,0.23562243091459764,0.21205821205821207,0.032224532224532226,0.7557172557172557,0.8024948024948025,0.04158004158004158,0.15592515592515593,0.09875259875259876,0.0498960498960499,0.8513513513513513,positive >= 0.05; negative <= -0.05; otherwise neutral,"argmax of positive, negative, and neutral probabilities",matched observed date-sector pairs,descriptive comparison; not accuracy or predictive evidence
