date,ticker,sector,title,url,publisher,text_raw,trading_date,mapping_status,calendar_days_forward,probability_positive,probability_negative,probability_neutral,finbert_score,finbert_label,vader_compound,vader_label,label_agreement,opposite_sign,neutral_non_neutral,year,sampling_stratum,population_stratum_count,stratum_sample_count,sampling_probability,sampling_weight,sample_purpose,selection_rule,validation_status,student_label,student_confidence,student_notes,student_reviewed_by
2020-07-02,EA,Comm,Buy EA Stock as it Advances to a New Level,https://www.nasdaq.com/articles/buy-ea-stock-as-it-advances-to-a-new-level-2020-07-02,,Buy EA Stock as it Advances to a New Level,2020-07-02,same_trading_day,0,0.1259676069021225,0.01049623824656,0.8635361790657043,0.1154713686555624,neutral,0.0,neutral,True,False,False,2020,Comm|2020,2168,2,0.0009225092250922509,1084.0,representative_evaluation,seed=5545; distinct-title sector-year stratified random sample; proportional largest-remainder allocation with at least one per nonempty stratum,pending student review,,,,
2020-03-19,CMCSA,Comm,Here's What Movie Theaters Are Losing Due to Coronavirus,https://www.nasdaq.com/articles/heres-what-movie-theaters-are-losing-due-to-coronavirus-2020-03-19,,Here's What Movie Theaters Are Losing Due to Coronavirus,2020-03-19,same_trading_day,0,0.0211215037852525,0.743377685546875,0.2355008274316787,-0.7222561817616224,negative,-0.3818,negative,True,False,False,2020,Comm|2020,2168,2,0.0009225092250922509,1084.0,representative_evaluation,seed=5545; distinct-title sector-year stratified random sample; proportional largest-remainder allocation with at least one per nonempty stratum,pending student review,,,,
2021-01-27,T,Comm,AT&T Q4 20 Earnings Conference Call At 8:30 AM ET,https://www.nasdaq.com/articles/att-q4-20-earnings-conference-call-at-8%3A30-am-et-2021-01-27,,AT&T Q4 20 Earnings Conference Call At 8:30 AM ET,2021-01-27,same_trading_day,0,0.0206615775823593,0.0563910081982612,0.9229474067687988,-0.0357294306159019,neutral,0.0,neutral,True,False,False,2021,Comm|2021,1840,2,0.0010869565217391304,920.0,representative_evaluation,seed=5545; distinct-title sector-year stratified random sample; proportional largest-remainder allocation with at least one per nonempty stratum,pending student review,,,,
2021-01-05,EA,Comm,First Week of EA February 19th Options Trading,https://www.nasdaq.com/articles/first-week-of-ea-february-19th-options-trading-2021-01-05,,First Week of EA February 19th Options Trading,2021-01-05,same_trading_day,0,0.0221248194575309,0.0601670369505882,0.917708158493042,-0.0380422174930572,neutral,0.0,neutral,True,False,False,2021,Comm|2021,1840,2,0.0010869565217391304,920.0,representative_evaluation,seed=5545; distinct-title sector-year stratified random sample; proportional largest-remainder allocation with at least one per nonempty stratum,pending student review,,,,
2022-06-28,CMCSA,Comm,4 Potential Winners From Netflix's Advertising Plans,https://www.nasdaq.com/articles/4-potential-winners-from-netflixs-advertising-plans,,4 Potential Winners From Netflix's Advertising Plans,2022-06-28,same_trading_day,0,0.6849944591522217,0.011526302434504,0.3034791648387909,0.6734681567177176,positive,0.4767,positive,True,False,False,2022,Comm|2022,2013,2,0.0009935419771485345,1006.5,representative_evaluation,seed=5545; distinct-title sector-year stratified random sample; proportional largest-remainder allocation with at least one per nonempty stratum,pending student review,,,,
2022-06-13,TMUS,Comm,Implied RPV Analyst Target Price: $95,https://www.nasdaq.com/articles/implied-rpv-analyst-target-price%3A-%2495,,Implied RPV Analyst Target Price: $95,2022-06-13,same_trading_day,0,0.0468590967357158,0.0157846957445144,0.9373562335968018,0.0310744009912014,neutral,0.0,neutral,True,False,False,2022,Comm|2022,2013,2,0.0009935419771485345,1006.5,representative_evaluation,seed=5545; distinct-title sector-year stratified random sample; proportional largest-remainder allocation with at least one per nonempty stratum,pending student review,,,,
2023-07-05,CMCSA,Comm,Disney's (DIS) Latest Indiana Jones Movie Hits the Right Chord,https://www.nasdaq.com/articles/disneys-dis-latest-indiana-jones-movie-hits-the-right-chord,,Disney's (DIS) Latest Indiana Jones Movie Hits the Right Chord,2023-07-05,same_trading_day,0,0.4572061002254486,0.0196898579597473,0.5231040120124817,0.4375162422657013,neutral,0.0,neutral,True,False,False,2023,Comm|2023,2022,2,0.0009891196834817012,1011.0,representative_evaluation,seed=5545; distinct-title sector-year stratified random sample; proportional largest-remainder allocation with at least one per nonempty stratum,pending student review,,,,
2023-05-31,TMUS,Comm,"QQQ, COST, CSCO, TMUS: ETF Outflow Alert",https://www.nasdaq.com/articles/qqq-cost-csco-tmus%3A-etf-outflow-alert,,"QQQ, COST, CSCO, TMUS: ETF Outflow Alert",2023-05-31,same_trading_day,0,0.0367314480245113,0.0654097646474838,0.8978588581085205,-0.0286783166229724,neutral,0.296,positive,False,False,True,2023,Comm|2023,2022,2,0.0009891196834817012,1011.0,representative_evaluation,seed=5545; distinct-title sector-year stratified random sample; proportional largest-remainder allocation with at least one per nonempty stratum,pending student review,,,,
2020-05-05,DIS,Consumer,"Disney's 2021 Earnings Will Still Be Weak, One Bear Says",https://www.nasdaq.com/articles/disneys-2021-earnings-will-still-be-weak-one-bear-says-2020-05-05,,"Disney's 2021 Earnings Will Still Be Weak, One Bear Says",2020-05-05,same_trading_day,0,0.0093912407755851,0.9718182682991028,0.0187905132770538,-0.9624270275235176,negative,-0.4404,negative,True,False,False,2020,Consumer|2020,6014,6,0.0009976720984369804,1002.3333333333334,representative_evaluation,seed=5545; distinct-title sector-year stratified random sample; proportional largest-remainder allocation with at least one per nonempty stratum,pending student review,,,,
2020-09-23,DIS,Consumer,Hong Kong government ends Disney's option for expanding theme park,https://www.nasdaq.com/articles/hong-kong-government-ends-disneys-option-for-expanding-theme-park-2020-09-23,,Hong Kong government ends Disney's option for expanding theme park,2020-09-23,same_trading_day,0,0.07392118871212,0.0744897350668907,0.8515890836715698,-0.0005685463547706,neutral,0.0,neutral,True,False,False,2020,Consumer|2020,6014,6,0.0009976720984369804,1002.3333333333334,representative_evaluation,seed=5545; distinct-title sector-year stratified random sample; proportional largest-remainder allocation with at least one per nonempty stratum,pending student review,,,,
2020-10-15,DIS,Consumer,Netflix Earnings Preview: 3 Key Questions For the Leading Streamer,https://www.nasdaq.com/articles/netflix-earnings-preview%3A-3-key-questions-for-the-leading-streamer-2020-10-15,,Netflix Earnings Preview: 3 Key Questions For the Leading Streamer,2020-10-15,same_trading_day,0,0.0288740135729312,0.0282449591904878,0.9428810477256776,0.0006290543824434,neutral,0.0,neutral,True,False,False,2020,Consumer|2020,6014,6,0.0009976720984369804,1002.3333333333334,representative_evaluation,seed=5545; distinct-title sector-year stratified random sample; proportional largest-remainder allocation with at least one per nonempty stratum,pending student review,,,,
2020-03-02,WMT,Consumer,Report: Walmart To Launch Membership Program To Take On Amazon Prime,https://www.nasdaq.com/articles/report%3A-walmart-to-launch-membership-program-to-take-on-amazon-prime-2020-03-02,,Report: Walmart To Launch Membership Program To Take On Amazon Prime,2020-03-02,same_trading_day,0,0.8280047178268433,0.0085451481863856,0.1634500920772552,0.8194595696404576,positive,0.1779,positive,True,False,False,2020,Consumer|2020,6014,6,0.0009976720984369804,1002.3333333333334,representative_evaluation,seed=5545; distinct-title sector-year stratified random sample; proportional largest-remainder allocation with at least one per nonempty stratum,pending student review,,,,
2020-06-22,WMT,Consumer,Wall Street set for subdued open as virus cases rise,https://www.nasdaq.com/articles/wall-street-set-for-subdued-open-as-virus-cases-rise-2020-06-22,,Wall Street set for subdued open as virus cases rise,2020-06-22,same_trading_day,0,0.0691972598433494,0.7052003145217896,0.2256024181842804,-0.6360030546784401,negative,0.0,neutral,False,False,True,2020,Consumer|2020,6014,6,0.0009976720984369804,1002.3333333333334,representative_evaluation,seed=5545; distinct-title sector-year stratified random sample; proportional largest-remainder allocation with at least one per nonempty stratum,pending student review,,,,
2020-11-06,DIS,Consumer,Will Disney Bring Back Its Dividend Back Next Week?,https://www.nasdaq.com/articles/will-disney-bring-back-its-dividend-back-next-week-2020-11-06,,Will Disney Bring Back Its Dividend Back Next Week?,2020-11-06,same_trading_day,0,0.0628430768847465,0.0465060956776142,0.8906509280204773,0.0163369812071323,neutral,0.0,neutral,True,False,False,2020,Consumer|2020,6014,6,0.0009976720984369804,1002.3333333333334,representative_evaluation,seed=5545; distinct-title sector-year stratified random sample; proportional largest-remainder allocation with at least one per nonempty stratum,pending student review,,,,
2021-12-01,KO,Consumer,2 Monster Growth Stocks to Buy Now and Hold,https://www.nasdaq.com/articles/2-monster-growth-stocks-to-buy-now-and-hold-1,,2 Monster Growth Stocks to Buy Now and Hold,2021-12-01,same_trading_day,0,0.0807600393891334,0.0144953038543462,0.9047446846961976,0.0662647355347871,neutral,0.3818,positive,False,False,True,2021,Consumer|2021,3877,4,0.0010317255610007739,969.25,representative_evaluation,seed=5545; distinct-title sector-year stratified random sample; proportional largest-remainder allocation with at least one per nonempty stratum,pending student review,,,,
2021-02-04,DIS,Consumer,7 Safe Growth Stocks to Put In Your Buy-and-Hold Portfolio,https://www.nasdaq.com/articles/7-safe-growth-stocks-to-put-in-your-buy-and-hold-portfolio-2021-02-04,,7 Safe Growth Stocks to Put In Your Buy-and-Hold Portfolio,2021-02-04,same_trading_day,0,0.0511288233101367,0.021183356642723,0.9276878237724304,0.0299454666674137,neutral,0.6705,positive,False,False,True,2021,Consumer|2021,3877,4,0.0010317255610007739,969.25,representative_evaluation,seed=5545; distinct-title sector-year stratified random sample; proportional largest-remainder allocation with at least one per nonempty stratum,pending student review,,,,
2021-08-12,WMT,Consumer,"EXCLUSIVE-Ex-director seeks to stall $2 bln Paytm IPO, company calls it harassment",https://www.nasdaq.com/articles/exclusive-ex-director-seeks-to-stall-%242-bln-paytm-ipo-company-calls-it-harassment-2021-08,,"EXCLUSIVE-Ex-director seeks to stall $2 bln Paytm IPO, company calls it harassment",2021-08-12,same_trading_day,0,0.0199383683502674,0.7348450422286987,0.2452166378498077,-0.7149066738784313,negative,-0.6486,negative,True,False,False,2021,Consumer|2021,3877,4,0.0010317255610007739,969.25,representative_evaluation,seed=5545; distinct-title sector-year stratified random sample; proportional largest-remainder allocation with at least one per nonempty stratum,pending student review,,,,
2021-05-14,WMT,Consumer,Less than 3% of U.S. small businesses could face tax hikes under Biden plan -White House,https://www.nasdaq.com/articles/less-than-3-of-u.s.-small-businesses-could-face-tax-hikes-under-biden-plan-white-house,,Less than 3% of U.S. small businesses could face tax hikes under Biden plan -White House,2021-05-14,same_trading_day,0,0.1405476182699203,0.0421112887561321,0.8173410892486572,0.0984363295137882,neutral,0.0,neutral,True,False,False,2021,Consumer|2021,3877,4,0.0010317255610007739,969.25,representative_evaluation,seed=5545; distinct-title sector-year stratified random sample; proportional largest-remainder allocation with at least one per nonempty stratum,pending student review,,,,
2022-04-07,DIS,Consumer,Disney World's Summertime Discount Is More Brilliant Than Desperate,https://www.nasdaq.com/articles/disney-worlds-summertime-discount-is-more-brilliant-than-desperate,,Disney World's Summertime Discount Is More Brilliant Than Desperate,2022-04-07,same_trading_day,0,0.2088206857442855,0.0123210530728101,0.7788582444190979,0.1964996326714754,neutral,0.3673,positive,False,False,True,2022,Consumer|2022,4918,5,0.0010166734444896298,983.6,representative_evaluation,seed=5545; distinct-title sector-year stratified random sample; proportional largest-remainder allocation with at least one per nonempty stratum,pending student review,,,,
2022-10-13,DIS,Consumer,Netflix ad-supported plan to launch in November at $7 a month,https://www.nasdaq.com/articles/netflix-ad-supported-plan-to-launch-in-november-at-%247-a-month,,Netflix ad-supported plan to launch in November at $7 a month,2022-10-13,same_trading_day,0,0.1336703896522522,0.0100277615711092,0.8563018441200256,0.1236426280811429,neutral,0.0,neutral,True,False,False,2022,Consumer|2022,4918,5,0.0010166734444896298,983.6,representative_evaluation,seed=5545; distinct-title sector-year stratified random sample; proportional largest-remainder allocation with at least one per nonempty stratum,pending student review,,,,
2022-09-20,NKE,Consumer,"Notable Tuesday Option Activity: NKE, BAC, ORCL",https://www.nasdaq.com/articles/notable-tuesday-option-activity%3A-nke-bac-orcl,,"Notable Tuesday Option Activity: NKE, BAC, ORCL",2022-09-20,same_trading_day,0,0.0416065827012062,0.0187247823923826,0.9396686553955078,0.0228818003088235,neutral,0.0,neutral,True,False,False,2022,Consumer|2022,4918,5,0.0010166734444896298,983.6,representative_evaluation,seed=5545; distinct-title sector-year stratified random sample; proportional largest-remainder allocation with at least one per nonempty stratum,pending student review,,,,
2022-09-29,SBUX,Consumer,Starbucks (SBUX) Rewards Investors With 8.2% Dividend Hike,https://www.nasdaq.com/articles/starbucks-sbux-rewards-investors-with-8.2-dividend-hike,,Starbucks (SBUX) Rewards Investors With 8.2% Dividend Hike,2022-09-29,same_trading_day,0,0.9473753571510316,0.0159860271960496,0.0366385653614997,0.9313893299549818,positive,0.4767,positive,True,False,False,2022,Consumer|2022,4918,5,0.0010166734444896298,983.6,representative_evaluation,seed=5545; distinct-title sector-year stratified random sample; proportional largest-remainder allocation with at least one per nonempty stratum,pending student review,,,,
2022-12-09,KO,Consumer,Wall Street Analysts Look Bullish on Coke (KO): Should You Buy?,https://www.nasdaq.com/articles/wall-street-analysts-look-bullish-on-coke-ko%3A-should-you-buy,,Wall Street Analysts Look Bullish on Coke (KO): Should You Buy?,2022-12-09,same_trading_day,0,0.1284568458795547,0.0467743687331676,0.8247687220573425,0.0816824771463871,neutral,0.0,neutral,True,False,False,2022,Consumer|2022,4918,5,0.0010166734444896298,983.6,representative_evaluation,seed=5545; distinct-title sector-year stratified random sample; proportional largest-remainder allocation with at least one per nonempty stratum,pending student review,,,,
2023-02-01,NKE,Consumer,BlackRock Cuts Stake in Nike (NKE),https://www.nasdaq.com/articles/blackrock-cuts-stake-in-nike-nke,,BlackRock Cuts Stake in Nike (NKE),2023-02-01,same_trading_day,0,0.0302563831210136,0.2740432024002075,0.6957004070281982,-0.2437868192791938,neutral,-0.296,negative,False,False,True,2023,Consumer|2023,4715,4,0.000848356309650053,1178.75,representative_evaluation,seed=5545; distinct-title sector-year stratified random sample; proportional largest-remainder allocation with at least one per nonempty stratum,pending student review,,,,
2023-09-10,DIS,Consumer,Disney's Streaming Business Needs Help. Owning All of Hulu Probably Won't Provide It.,https://www.nasdaq.com/articles/disneys-streaming-business-needs-help.-owning-all-of-hulu-probably-wont-provide-it.,,Disney's Streaming Business Needs Help. Owning All of Hulu Probably Won't Provide It.,2023-09-11,next_trading_day,1,0.0541898310184478,0.211129605770111,0.7346805930137634,-0.1569397747516632,neutral,0.4019,positive,False,False,True,2023,Consumer|2023,4715,4,0.000848356309650053,1178.75,representative_evaluation,seed=5545; distinct-title sector-year stratified random sample; proportional largest-remainder allocation with at least one per nonempty stratum,pending student review,,,,
2023-10-11,DIS,Consumer,IMAX Partners With NCG Cinemas for 3 Locations in the US,https://www.nasdaq.com/articles/imax-partners-with-ncg-cinemas-for-3-locations-in-the-us,,IMAX Partners With NCG Cinemas for 3 Locations in the US,2023-10-11,same_trading_day,0,0.7191961407661438,0.00723368069157,0.27357017993927,0.7119624600745738,positive,0.0,neutral,False,False,True,2023,Consumer|2023,4715,4,0.000848356309650053,1178.75,representative_evaluation,seed=5545; distinct-title sector-year stratified random sample; proportional largest-remainder allocation with at least one per nonempty stratum,pending student review,,,,
2023-09-21,DIS,Consumer,"Unusual Put Option Trade in Walt Disney Co (DIS) Worth $34,807.50K",https://www.nasdaq.com/articles/unusual-put-option-trade-in-walt-disney-co-dis-worth-%2434807.50k,,"Unusual Put Option Trade in Walt Disney Co (DIS) Worth $34,807.50K",2023-09-21,same_trading_day,0,0.0470307655632495,0.0158847421407699,0.9370844960212708,0.0311460234224796,neutral,0.2263,positive,False,False,True,2023,Consumer|2023,4715,4,0.000848356309650053,1178.75,representative_evaluation,seed=5545; distinct-title sector-year stratified random sample; proportional largest-remainder allocation with at least one per nonempty stratum,pending student review,,,,
2020-04-27,COP,Energy,4 Energy Stocks That Can Survive the Oil Crash,https://www.nasdaq.com/articles/4-energy-stocks-that-can-survive-the-oil-crash-2020-04-27,,4 Energy Stocks That Can Survive the Oil Crash,2020-04-27,same_trading_day,0,0.106428362429142,0.0128034949302673,0.8807681202888489,0.0936248674988746,neutral,-0.1531,negative,False,False,True,2020,Energy|2020,2860,3,0.001048951048951049,953.3333333333334,representative_evaluation,seed=5545; distinct-title sector-year stratified random sample; proportional largest-remainder allocation with at least one per nonempty stratum,pending student review,,,,
2020-04-02,OXY,Energy,"Stock Charts To Watch - Thursday, April 2",https://talkmarkets.com/content/stock-charts-to-watch-thursday-april-2?post=257125,TalkMarkets,"Stock Charts To Watch - Thursday, April 2",2020-04-02,same_trading_day,0,0.032347198575735,0.0922564268112182,0.8753963708877563,-0.0599092282354831,neutral,0.0,neutral,True,False,False,2020,Energy|2020,2860,3,0.001048951048951049,953.3333333333334,representative_evaluation,seed=5545; distinct-title sector-year stratified random sample; proportional largest-remainder allocation with at least one per nonempty stratum,pending student review,,,,
2020-11-16,CVX,Energy,"Why ExxonMobil, Chevron, Kinder Morgan, and Other Energy Stocks Jumped Today",https://www.nasdaq.com/articles/why-exxonmobil-chevron-kinder-morgan-and-other-energy-stocks-jumped-today-2020-11-16,,"Why ExxonMobil, Chevron, Kinder Morgan, and Other Energy Stocks Jumped Today",2020-11-16,same_trading_day,0,0.0911901220679283,0.065443105995655,0.8433667421340942,0.0257470160722732,neutral,0.6486,positive,False,False,True,2020,Energy|2020,2860,3,0.001048951048951049,953.3333333333334,representative_evaluation,seed=5545; distinct-title sector-year stratified random sample; proportional largest-remainder allocation with at least one per nonempty stratum,pending student review,,,,
2021-10-27,XOM,Energy,"Exxon, union meet for 2nd day to discuss Texas refinery lockout -official",https://www.nasdaq.com/articles/exxon-union-meet-for-2nd-day-to-discuss-texas-refinery-lockout-official-2021-10-27,,"Exxon, union meet for 2nd day to discuss Texas refinery lockout -official",2021-10-27,same_trading_day,0,0.0423105508089065,0.1233494728803634,0.8343400359153748,-0.0810389220714569,neutral,0.0,neutral,True,False,False,2021,Energy|2021,1966,2,0.001017293997965412,983.0,representative_evaluation,seed=5545; distinct-title sector-year stratified random sample; proportional largest-remainder allocation with at least one per nonempty stratum,pending student review,,,,
2021-12-23,SLB,Energy,Thursday's ETF with Unusual Volume: IEZ,https://www.nasdaq.com/articles/thursdays-etf-with-unusual-volume%3A-iez,,Thursday's ETF with Unusual Volume: IEZ,2021-12-23,same_trading_day,0,0.1204014793038368,0.0863083004951477,0.7932902574539185,0.0340931788086891,neutral,0.0,neutral,True,False,False,2021,Energy|2021,1966,2,0.001017293997965412,983.0,representative_evaluation,seed=5545; distinct-title sector-year stratified random sample; proportional largest-remainder allocation with at least one per nonempty stratum,pending student review,,,,
2022-02-25,XOM,Energy,Is Schwab Fundamental U.S. Broad Market Index ETF (FNDB) a Strong ETF Right Now?,https://www.nasdaq.com/articles/is-schwab-fundamental-u.s.-broad-market-index-etf-fndb-a-strong-etf-right-now-0,,Is Schwab Fundamental U.S. Broad Market Index ETF (FNDB) a Strong ETF Right Now?,2022-02-25,same_trading_day,0,0.5718244314193726,0.016546981409192,0.4116285741329193,0.5552774500101805,positive,0.5106,positive,True,False,False,2022,Energy|2022,3935,4,0.0010165184243964421,983.75,representative_evaluation,seed=5545; distinct-title sector-year stratified random sample; proportional largest-remainder allocation with at least one per nonempty stratum,pending student review,,,,
2022-08-18,COP,Energy,"Norway oil, gas firms raise investment forecasts",https://www.nasdaq.com/articles/norway-oil-gas-firms-raise-investment-forecasts,,"Norway oil, gas firms raise investment forecasts",2022-08-18,same_trading_day,0,0.4821672439575195,0.0890173465013504,0.4288153946399688,0.3931498974561691,positive,0.0,neutral,False,False,True,2022,Energy|2022,3935,4,0.0010165184243964421,983.75,representative_evaluation,seed=5545; distinct-title sector-year stratified random sample; proportional largest-remainder allocation with at least one per nonempty stratum,pending student review,,,,
2022-03-23,XOM,Energy,Stock Buybacks vs. Dividends: Which is Most Tax-Efficient?,https://www.nasdaq.com/articles/stock-buybacks-vs.-dividends%3A-which-is-most-tax-efficient,,Stock Buybacks vs. Dividends: Which is Most Tax-Efficient?,2022-03-23,same_trading_day,0,0.0420876704156398,0.0374474599957466,0.9204648733139038,0.0046402104198932,neutral,0.0,neutral,True,False,False,2022,Energy|2022,3935,4,0.0010165184243964421,983.75,representative_evaluation,seed=5545; distinct-title sector-year stratified random sample; proportional largest-remainder allocation with at least one per nonempty stratum,pending student review,,,,
2022-10-05,XOM,Energy,Traders Hit the Gas Pedal on Oil Stocks as OPEC+ Convenes,https://www.nasdaq.com/articles/traders-hit-the-gas-pedal-on-oil-stocks-as-opec-convenes,,Traders Hit the Gas Pedal on Oil Stocks as OPEC+ Convenes,2022-10-05,same_trading_day,0,0.1157831698656082,0.3794164955615997,0.5048003196716309,-0.2636333256959915,neutral,0.0,neutral,True,False,False,2022,Energy|2022,3935,4,0.0010165184243964421,983.75,representative_evaluation,seed=5545; distinct-title sector-year stratified random sample; proportional largest-remainder allocation with at least one per nonempty stratum,pending student review,,,,
2023-06-09,CVX,Energy,Argentina says Chevron to invest $500 mln in Vaca Muerta shale area,https://www.nasdaq.com/articles/argentina-says-chevron-to-invest-%24500-mln-in-vaca-muerta-shale-area,,Argentina says Chevron to invest $500 mln in Vaca Muerta shale area,2023-06-09,same_trading_day,0,0.1046138927340507,0.0096026705577969,0.8857834339141846,0.0950112221762538,neutral,0.0,neutral,True,False,False,2023,Energy|2023,3566,3,0.0008412787436904094,1188.6666666666667,representative_evaluation,seed=5545; distinct-title sector-year stratified random sample; proportional largest-remainder allocation with at least one per nonempty stratum,pending student review,,,,
2023-01-27,CVX,Energy,"Chevron Q4 Profit Up 25%, But Misses Estimates",https://www.nasdaq.com/articles/chevron-q4-profit-up-25-but-misses-estimates,,"Chevron Q4 Profit Up 25%, But Misses Estimates",2023-01-27,same_trading_day,0,0.9381623864173888,0.0380988605320453,0.0237387437373399,0.9000635258853436,positive,-0.1027,negative,False,True,False,2023,Energy|2023,3566,3,0.0008412787436904094,1188.6666666666667,representative_evaluation,seed=5545; distinct-title sector-year stratified random sample; proportional largest-remainder allocation with at least one per nonempty stratum,pending student review,,,,
2023-02-17,OXY,Energy,"Notable Friday Option Activity: HUBS, OXY, SAGE",https://www.nasdaq.com/articles/notable-friday-option-activity%3A-hubs-oxy-sage,,"Notable Friday Option Activity: HUBS, OXY, SAGE",2023-02-17,same_trading_day,0,0.1009489148855209,0.0200461465865373,0.879004955291748,0.0809027682989835,neutral,0.0,neutral,True,False,False,2023,Energy|2023,3566,3,0.0008412787436904094,1188.6666666666667,representative_evaluation,seed=5545; distinct-title sector-year stratified random sample; proportional largest-remainder allocation with at least one per nonempty stratum,pending student review,,,,
2020-12-21,GS,Financials,2 Financial Stocks I'd Buy Right Now,https://www.nasdaq.com/articles/2-financial-stocks-id-buy-right-now-2020-12-21,,2 Financial Stocks I'd Buy Right Now,2020-12-21,same_trading_day,0,0.0563865639269351,0.0169639978557825,0.9266494512557985,0.0394225660711526,neutral,0.0,neutral,True,False,False,2020,Financials|2020,2843,3,0.001055223355610271,947.6666666666666,representative_evaluation,seed=5545; distinct-title sector-year stratified random sample; proportional largest-remainder allocation with at least one per nonempty stratum,pending student review,,,,
2020-12-01,MS,Financials,"Delisting renewables company PNE would have a price, says top investor",https://www.nasdaq.com/articles/delisting-renewables-company-pne-would-have-a-price-says-top-investor-2020-12-01,,"Delisting renewables company PNE would have a price, says top investor",2020-12-01,same_trading_day,0,0.0474085099995136,0.2420190125703811,0.7105724215507507,-0.1946105025708675,neutral,0.2023,positive,False,False,True,2020,Financials|2020,2843,3,0.001055223355610271,947.6666666666666,representative_evaluation,seed=5545; distinct-title sector-year stratified random sample; proportional largest-remainder allocation with at least one per nonempty stratum,pending student review,,,,
2020-01-14,USB,Financials,Tuesday's Market Minute: Earnings Season 2020,https://www.benzinga.com/news/earnings/20/01/15119574/tuesdays-market-minute-earnings-season-2020,TD Ameritrade Network,Tuesday's Market Minute: Earnings Season 2020,2020-01-14,same_trading_day,0,0.0272166356444358,0.0820952653884887,0.8906880617141724,-0.0548786297440528,neutral,0.0,neutral,True,False,False,2020,Financials|2020,2843,3,0.001055223355610271,947.6666666666666,representative_evaluation,seed=5545; distinct-title sector-year stratified random sample; proportional largest-remainder allocation with at least one per nonempty stratum,pending student review,,,,
2021-11-02,GS,Financials,Goldman Sachs highlights diversity in new managing director class,https://www.nasdaq.com/articles/goldman-sachs-highlights-diversity-in-new-managing-director-class-2021-11-02,,Goldman Sachs highlights diversity in new managing director class,2021-11-02,same_trading_day,0,0.2244766354560852,0.0271218549460172,0.7484014630317688,0.1973547805100679,neutral,0.0,neutral,True,False,False,2021,Financials|2021,2873,3,0.0010442046641141664,957.6666666666666,representative_evaluation,seed=5545; distinct-title sector-year stratified random sample; proportional largest-remainder allocation with at least one per nonempty stratum,pending student review,,,,
2021-02-22,GS,Financials,"Noteworthy Monday Option Activity: AAL, ORCL, GS",https://www.nasdaq.com/articles/noteworthy-monday-option-activity%3A-aal-orcl-gs-2021-02-22,,"Noteworthy Monday Option Activity: AAL, ORCL, GS",2021-02-22,same_trading_day,0,0.0405731797218322,0.0259140152484178,0.9335128664970398,0.0146591644734144,neutral,0.0,neutral,True,False,False,2021,Financials|2021,2873,3,0.0010442046641141664,957.6666666666666,representative_evaluation,seed=5545; distinct-title sector-year stratified random sample; proportional largest-remainder allocation with at least one per nonempty stratum,pending student review,,,,
2021-02-24,V,Financials,Why Mastercard and Visa Stocks Both Just Popped,https://www.nasdaq.com/articles/why-mastercard-and-visa-stocks-both-just-popped-2021-02-24,,Why Mastercard and Visa Stocks Both Just Popped,2021-02-24,same_trading_day,0,0.0440220721065998,0.0246581546962261,0.9313197135925292,0.0193639174103736,neutral,0.0,neutral,True,False,False,2021,Financials|2021,2873,3,0.0010442046641141664,957.6666666666666,representative_evaluation,seed=5545; distinct-title sector-year stratified random sample; proportional largest-remainder allocation with at least one per nonempty stratum,pending student review,,,,
2022-09-17,MS,Financials,"3 Stock-Split Stocks Set to Soar by as Much as 101% From Their 52-Week Lows, According to Wall Street",https://www.nasdaq.com/articles/3-stock-split-stocks-set-to-soar-by-as-much-as-101-from-their-52-week-lows-according-to,,"3 Stock-Split Stocks Set to Soar by as Much as 101% From Their 52-Week Lows, According to Wall Street",2022-09-19,next_trading_day,2,0.8163147568702698,0.1513173282146453,0.0323678813874721,0.6649974286556244,positive,-0.2023,negative,False,True,False,2022,Financials|2022,3199,3,0.0009377930603313535,1066.3333333333333,representative_evaluation,seed=5545; distinct-title sector-year stratified random sample; proportional largest-remainder allocation with at least one per nonempty stratum,pending student review,,,,
2022-05-31,MS,Financials,Morgan Stanley (MS) Stock Moves -0.36%: What You Should Know,https://www.nasdaq.com/articles/morgan-stanley-ms-stock-moves-0.36%3A-what-you-should-know,,Morgan Stanley (MS) Stock Moves -0.36%: What You Should Know,2022-05-31,same_trading_day,0,0.0539100803434848,0.0956943482160568,0.8503955602645874,-0.0417842678725719,neutral,0.0,neutral,True,False,False,2022,Financials|2022,3199,3,0.0009377930603313535,1066.3333333333333,representative_evaluation,seed=5545; distinct-title sector-year stratified random sample; proportional largest-remainder allocation with at least one per nonempty stratum,pending student review,,,,
2022-01-28,V,Financials,"S&P 500 Movers: WDC, V",https://www.nasdaq.com/articles/sp-500-movers%3A-wdc-v,,"S&P 500 Movers: WDC, V",2022-01-28,same_trading_day,0,0.0261324420571327,0.0328183621168136,0.9410492181777954,-0.0066859200596809,neutral,0.0,neutral,True,False,False,2022,Financials|2022,3199,3,0.0009377930603313535,1066.3333333333333,representative_evaluation,seed=5545; distinct-title sector-year stratified random sample; proportional largest-remainder allocation with at least one per nonempty stratum,pending student review,,,,
2023-01-16,GS,Financials,Davos 2023: India's ReNew Power exploring Egypt green hydrogen project,https://www.nasdaq.com/articles/davos-2023%3A-indias-renew-power-exploring-egypt-green-hydrogen-project,,Davos 2023: India's ReNew Power exploring Egypt green hydrogen project,2023-01-17,next_trading_day,1,0.2236255705356598,0.0088431732729077,0.7675312161445618,0.214782397262752,neutral,0.0,neutral,True,False,False,2023,Financials|2023,3790,3,0.0007915567282321899,1263.3333333333333,representative_evaluation,seed=5545; distinct-title sector-year stratified random sample; proportional largest-remainder allocation with at least one per nonempty stratum,pending student review,,,,
2023-11-09,MS,Financials,"Financial Sector Update for 11/09/2023: AFRM, MARA, MS",https://www.nasdaq.com/articles/financial-sector-update-for-11-09-2023%3A-afrm-mara-ms,,"Financial Sector Update for 11/09/2023: AFRM, MARA, MS",2023-11-09,same_trading_day,0,0.0238677822053432,0.033242542296648,0.9428896307945251,-0.0093747600913047,neutral,0.0,neutral,True,False,False,2023,Financials|2023,3790,3,0.0007915567282321899,1263.3333333333333,representative_evaluation,seed=5545; distinct-title sector-year stratified random sample; proportional largest-remainder allocation with at least one per nonempty stratum,pending student review,,,,
2023-05-05,WFC,Financials,US STOCKS-Wall Street eyes higher open as investors cheer Apple earnings,https://www.nasdaq.com/articles/us-stocks-wall-street-eyes-higher-open-as-investors-cheer-apple-earnings,,US STOCKS-Wall Street eyes higher open as investors cheer Apple earnings,2023-05-05,same_trading_day,0,0.8721905946731567,0.0554104410111904,0.0723989158868789,0.8167801536619663,positive,0.5106,positive,True,False,False,2023,Financials|2023,3790,3,0.0007915567282321899,1263.3333333333333,representative_evaluation,seed=5545; distinct-title sector-year stratified random sample; proportional largest-remainder allocation with at least one per nonempty stratum,pending student review,,,,
2020-08-10,GILD,Healthcare,GILD Named 'Top Dividend Stock of the Nasdaq 100' at Dividend Channel With 3.9% Yield,https://www.nasdaq.com/articles/gild-named-top-dividend-stock-of-the-nasdaq-100-at-dividend-channel-with-3.9-yield-2020-08,,GILD Named 'Top Dividend Stock of the Nasdaq 100' at Dividend Channel With 3.9% Yield,2020-08-10,same_trading_day,0,0.7480542659759521,0.011444411240518,0.2405012547969818,0.736609854735434,positive,0.2023,positive,True,False,False,2020,Healthcare|2020,4080,4,0.000980392156862745,1020.0,representative_evaluation,seed=5545; distinct-title sector-year stratified random sample; proportional largest-remainder allocation with at least one per nonempty stratum,pending student review,,,,
2020-02-08,AMGN,Healthcare,Is Amgen a Stock to Buy?,https://www.nasdaq.com/articles/is-amgen-a-stock-to-buy-2020-02-08,,Is Amgen a Stock to Buy?,2020-02-10,next_trading_day,2,0.0401905477046966,0.0310817807912826,0.9287276268005372,0.009108766913414,neutral,0.0,neutral,True,False,False,2020,Healthcare|2020,4080,4,0.000980392156862745,1020.0,representative_evaluation,seed=5545; distinct-title sector-year stratified random sample; proportional largest-remainder allocation with at least one per nonempty stratum,pending student review,,,,
2020-03-31,GILD,Healthcare,Is iBio Stock Worth the Risk as Coronavirus Continues to Spread?,https://www.nasdaq.com/articles/is-ibio-stock-worth-the-risk-as-coronavirus-continues-to-spread-2020-03-31,,Is iBio Stock Worth the Risk as Coronavirus Continues to Spread?,2020-03-31,same_trading_day,0,0.0652288794517517,0.0347012504935264,0.9000698924064636,0.0305276289582252,neutral,-0.0516,negative,False,False,True,2020,Healthcare|2020,4080,4,0.000980392156862745,1020.0,representative_evaluation,seed=5545; distinct-title sector-year stratified random sample; proportional largest-remainder allocation with at least one per nonempty stratum,pending student review,,,,
2020-05-01,ABBV,Healthcare,"Quarterly Earnings Beats for Exxon, Clorox, AbbVie & More",http://www.zacks.com/stock/news/910268/quarterly-earnings-beats-for-exxon-clorox-abbvie-more?cid=CS-BENZ-FT-ahead_of_wall_street-910268,Zacks,"Quarterly Earnings Beats for Exxon, Clorox, AbbVie & More",2020-05-01,same_trading_day,0,0.0922882631421089,0.2536040246486664,0.6541077494621277,-0.1613157615065574,neutral,0.0,neutral,True,False,False,2020,Healthcare|2020,4080,4,0.000980392156862745,1020.0,representative_evaluation,seed=5545; distinct-title sector-year stratified random sample; proportional largest-remainder allocation with at least one per nonempty stratum,pending student review,,,,
2021-11-05,MRK,Healthcare,"US STOCKS-Wall St books records, weekly gains on strong jobs report, Pfizer COVID-19 pill cheer",https://www.nasdaq.com/articles/us-stocks-wall-st-books-records-weekly-gains-on-strong-jobs-report-pfizer-covid-19-pill,,"US STOCKS-Wall St books records, weekly gains on strong jobs report, Pfizer COVID-19 pill cheer",2021-11-05,same_trading_day,0,0.7982962727546692,0.0763833969831466,0.1253204047679901,0.7219128757715225,positive,0.8402,positive,True,False,False,2021,Healthcare|2021,2135,2,0.000936768149882904,1067.5,representative_evaluation,seed=5545; distinct-title sector-year stratified random sample; proportional largest-remainder allocation with at least one per nonempty stratum,pending student review,,,,
2021-12-02,ABBV,Healthcare,What's Next For Merck Stock After FDA Advisors Back Its Covid-19 Pill?,https://www.nasdaq.com/articles/whats-next-for-merck-stock-after-fda-advisors-back-its-covid-19-pill,,What's Next For Merck Stock After FDA Advisors Back Its Covid-19 Pill?,2021-12-02,same_trading_day,0,0.0512206926941871,0.1071330457925796,0.8416462540626526,-0.0559123530983924,neutral,0.0,neutral,True,False,False,2021,Healthcare|2021,2135,2,0.000936768149882904,1067.5,representative_evaluation,seed=5545; distinct-title sector-year stratified random sample; proportional largest-remainder allocation with at least one per nonempty stratum,pending student review,,,,
2022-01-11,ABBV,Healthcare,"AbbVie Confirms Outlook Of Over $15 Bln In Combined Risk-Adj. Sales For Rinvoq, Skyrizi In 2025",https://www.nasdaq.com/articles/abbvie-confirms-outlook-of-over-%2415-bln-in-combined-risk-adj.-sales-for-rinvoq-skyrizi-in,,"AbbVie Confirms Outlook Of Over $15 Bln In Combined Risk-Adj. Sales For Rinvoq, Skyrizi In 2025",2022-01-11,same_trading_day,0,0.9030006527900696,0.0113545916974544,0.085644744336605,0.8916460610926151,positive,0.0,neutral,False,False,True,2022,Healthcare|2022,2757,2,0.0007254261878853826,1378.5,representative_evaluation,seed=5545; distinct-title sector-year stratified random sample; proportional largest-remainder allocation with at least one per nonempty stratum,pending student review,,,,
2022-12-01,ABT,Healthcare,EXCLUSIVE -Reckitt expects U.S. infant formula shortage until spring,https://www.nasdaq.com/articles/exclusive-reckitt-expects-u.s.-infant-formula-shortage-until-spring,,EXCLUSIVE -Reckitt expects U.S. infant formula shortage until spring,2022-12-01,same_trading_day,0,0.0291596539318561,0.8704692721366882,0.1003710329532623,-0.8413096182048321,negative,0.0601,positive,False,True,False,2022,Healthcare|2022,2757,2,0.0007254261878853826,1378.5,representative_evaluation,seed=5545; distinct-title sector-year stratified random sample; proportional largest-remainder allocation with at least one per nonempty stratum,pending student review,,,,
2023-12-11,ABT,Healthcare,Abbott (ABT) Advances But Underperforms Market: Key Facts,https://www.nasdaq.com/articles/abbott-abt-advances-but-underperforms-market%3A-key-facts,,Abbott (ABT) Advances But Underperforms Market: Key Facts,2023-12-11,same_trading_day,0,0.8635386824607849,0.048349529504776,0.0881118550896644,0.8151891529560089,positive,0.0,neutral,False,False,True,2023,Healthcare|2023,2659,2,0.000752162467092892,1329.5,representative_evaluation,seed=5545; distinct-title sector-year stratified random sample; proportional largest-remainder allocation with at least one per nonempty stratum,pending student review,,,,
2023-04-14,ABBV,Healthcare,UnitedHealth Group beats quarterly profit estimates on lower medical costs,https://www.nasdaq.com/articles/unitedhealth-group-beats-quarterly-profit-estimates-on-lower-medical-costs,,UnitedHealth Group beats quarterly profit estimates on lower medical costs,2023-04-14,same_trading_day,0,0.8725715279579163,0.104603111743927,0.0228253789246082,0.7679684162139893,positive,0.1779,positive,True,False,False,2023,Healthcare|2023,2659,2,0.000752162467092892,1329.5,representative_evaluation,seed=5545; distinct-title sector-year stratified random sample; proportional largest-remainder allocation with at least one per nonempty stratum,pending student review,,,,
2020-04-13,GE,Industrials,GE Announces Actions To De-risk Its Balance Sheet - Quick Facts,https://www.nasdaq.com/articles/ge-announces-actions-to-de-risk-its-balance-sheet-quick-facts-2020-04-13,,GE Announces Actions To De-risk Its Balance Sheet - Quick Facts,2020-04-13,same_trading_day,0,0.0462316647171974,0.1034925356507301,0.8502757549285889,-0.0572608709335327,neutral,0.0,neutral,True,False,False,2020,Industrials|2020,3564,3,0.0008417508417508417,1188.0,representative_evaluation,seed=5545; distinct-title sector-year stratified random sample; proportional largest-remainder allocation with at least one per nonempty stratum,pending student review,,,,
2020-08-07,UPS,Industrials,UPS plans heavy holiday fees amid coronavirus-related shipment surge-WSJ,https://www.nasdaq.com/articles/ups-plans-heavy-holiday-fees-amid-coronavirus-related-shipment-surge-wsj-2020-08-07,,UPS plans heavy holiday fees amid coronavirus-related shipment surge-WSJ,2020-08-07,same_trading_day,0,0.0617028512060642,0.8321603536605835,0.1061368286609649,-0.7704575024545193,negative,0.4019,positive,False,True,False,2020,Industrials|2020,3564,3,0.0008417508417508417,1188.0,representative_evaluation,seed=5545; distinct-title sector-year stratified random sample; proportional largest-remainder allocation with at least one per nonempty stratum,pending student review,,,,
2020-05-19,BA,Industrials,United Airlines Stock May Not Be Done Crashing,https://www.nasdaq.com/articles/united-airlines-stock-may-not-be-done-crashing-2020-05-19,,United Airlines Stock May Not Be Done Crashing,2020-05-19,same_trading_day,0,0.024984547868371,0.3097668886184692,0.6652485728263855,-0.2847823407500982,neutral,0.4215,positive,False,False,True,2020,Industrials|2020,3564,3,0.0008417508417508417,1188.0,representative_evaluation,seed=5545; distinct-title sector-year stratified random sample; proportional largest-remainder allocation with at least one per nonempty stratum,pending student review,,,,
2021-12-20,MMM,Industrials,7 Stocks to Buy if Covid-19 Becomes Endemic,https://www.nasdaq.com/articles/7-stocks-to-buy-if-covid-19-becomes-endemic,,7 Stocks to Buy if Covid-19 Becomes Endemic,2021-12-20,same_trading_day,0,0.0443345122039318,0.0224416404962539,0.933223843574524,0.0218928717076778,neutral,0.0,neutral,True,False,False,2021,Industrials|2021,1995,2,0.0010025062656641604,997.5,representative_evaluation,seed=5545; distinct-title sector-year stratified random sample; proportional largest-remainder allocation with at least one per nonempty stratum,pending student review,,,,
2021-07-29,MMM,Industrials,September 10th Options Now Available For MMM,https://www.nasdaq.com/articles/september-10th-options-now-available-for-mmm-2021-07-29,,September 10th Options Now Available For MMM,2021-07-29,same_trading_day,0,0.0203960742801427,0.040755771100521,0.9388481378555298,-0.0203596968203783,neutral,0.0,neutral,True,False,False,2021,Industrials|2021,1995,2,0.0010025062656641604,997.5,representative_evaluation,seed=5545; distinct-title sector-year stratified random sample; proportional largest-remainder allocation with at least one per nonempty stratum,pending student review,,,,
2022-05-05,UPS,Industrials,"The Zacks Analyst Blog Highlights United Parcel Service, and FedEx",https://www.nasdaq.com/articles/the-zacks-analyst-blog-highlights-united-parcel-service-and-fedex,,"The Zacks Analyst Blog Highlights United Parcel Service, and FedEx",2022-05-05,same_trading_day,0,0.022421009838581,0.0425162650644779,0.9350626468658448,-0.0200952552258968,neutral,0.4215,positive,False,False,True,2022,Industrials|2022,2385,2,0.0008385744234800838,1192.5,representative_evaluation,seed=5545; distinct-title sector-year stratified random sample; proportional largest-remainder allocation with at least one per nonempty stratum,pending student review,,,,
2022-04-09,MMM,Industrials,This Trio Proves You Can Still Find High-Yield Stocks,https://www.nasdaq.com/articles/this-trio-proves-you-can-still-find-high-yield-stocks,,This Trio Proves You Can Still Find High-Yield Stocks,2022-04-11,next_trading_day,2,0.4387059807777405,0.0127401407808065,0.5485539436340332,0.4259658399969339,neutral,0.0,neutral,True,False,False,2022,Industrials|2022,2385,2,0.0008385744234800838,1192.5,representative_evaluation,seed=5545; distinct-title sector-year stratified random sample; proportional largest-remainder allocation with at least one per nonempty stratum,pending student review,,,,
2023-11-10,BA,Industrials,EXCLUSIVE-Southwest Airlines expects certification of Boeing's 737 MAX 7 by April - company exec,https://www.nasdaq.com/articles/exclusive-southwest-airlines-expects-certification-of-boeings-737-max-7-by-april-company,,EXCLUSIVE-Southwest Airlines expects certification of Boeing's 737 MAX 7 by April - company exec,2023-11-10,same_trading_day,0,0.1453617364168167,0.0113403918221592,0.8432978987693787,0.1340213445946574,neutral,0.0,neutral,True,False,False,2023,Industrials|2023,2343,2,0.0008536064874093043,1171.5,representative_evaluation,seed=5545; distinct-title sector-year stratified random sample; proportional largest-remainder allocation with at least one per nonempty stratum,pending student review,,,,
2023-04-11,UPS,Industrials,"Notable Tuesday Option Activity: WHR, CZR, UPS",https://www.nasdaq.com/articles/notable-tuesday-option-activity%3A-whr-czr-ups,,"Notable Tuesday Option Activity: WHR, CZR, UPS",2023-04-11,same_trading_day,0,0.1339305639266967,0.0281971506774425,0.8378722667694092,0.1057334132492542,neutral,0.0,neutral,True,False,False,2023,Industrials|2023,2343,2,0.0008536064874093043,1171.5,representative_evaluation,seed=5545; distinct-title sector-year stratified random sample; proportional largest-remainder allocation with at least one per nonempty stratum,pending student review,,,,
2020-03-23,NEM,Materials,"Shares of several basic materials companies are trading higher. The Federal Reserve on Monday Morning announced new stimulus measures, which has moved stocks higher. Basic materials demand outlook has been pressured by global economic disruption.",https://www.benzinga.com/wiim/20/03/15634402/shares-of-several-basic-materials-companies-are-trading-higher-the-federal-reserve-on-monday-morning,Benzinga Newsdesk,"Shares of several basic materials companies are trading higher. The Federal Reserve on Monday Morning announced new stimulus measures, which has moved stocks higher. Basic materials demand outlook has been pressured by global economic disruption.",2020-03-23,same_trading_day,0,0.0267815925180912,0.9523115754127502,0.0209068749099969,-0.925529982894659,negative,-0.4019,negative,True,False,False,2020,Materials|2020,1304,1,0.0007668711656441718,1304.0,representative_evaluation,seed=5545; distinct-title sector-year stratified random sample; proportional largest-remainder allocation with at least one per nonempty stratum,pending student review,,,,
2021-12-09,DD,Materials,"Advent, Carlyle to consider bid for DuPont's $12 bln unit - Bloomberg News",https://www.nasdaq.com/articles/advent-carlyle-to-consider-bid-for-duponts-%2412-bln-unit-bloomberg-news,,"Advent, Carlyle to consider bid for DuPont's $12 bln unit - Bloomberg News",2021-12-09,same_trading_day,0,0.0889545455574989,0.0215787254273891,0.8894667625427246,0.0673758201301097,neutral,0.0,neutral,True,False,False,2021,Materials|2021,659,1,0.0015174506828528073,659.0,representative_evaluation,seed=5545; distinct-title sector-year stratified random sample; proportional largest-remainder allocation with at least one per nonempty stratum,pending student review,,,,
2022-04-12,SHW,Materials,Insiders Buy the Holdings of NOBL ETF,https://www.nasdaq.com/articles/insiders-buy-the-holdings-of-nobl-etf,,Insiders Buy the Holdings of NOBL ETF,2022-04-12,same_trading_day,0,0.0302805360406637,0.0305622443556785,0.9391571283340454,-0.0002817083150148,neutral,0.0,neutral,True,False,False,2022,Materials|2022,926,1,0.0010799136069114472,926.0,representative_evaluation,seed=5545; distinct-title sector-year stratified random sample; proportional largest-remainder allocation with at least one per nonempty stratum,pending student review,,,,
2023-08-31,DD,Materials,October 13th Options Now Available For DuPont (DD),https://www.nasdaq.com/articles/october-13th-options-now-available-for-dupont-dd,,October 13th Options Now Available For DuPont (DD),2023-08-31,same_trading_day,0,0.0233688484877347,0.0469088107347488,0.9297223687171936,-0.023539962247014,neutral,0.0,neutral,True,False,False,2023,Materials|2023,1165,1,0.0008583690987124463,1165.0,representative_evaluation,seed=5545; distinct-title sector-year stratified random sample; proportional largest-remainder allocation with at least one per nonempty stratum,pending student review,,,,
2020-04-07,CCI,RealEstate,"CCI, CCI-PA DEADLINE NOTICE: ROSEN, A TOP LAW FIRM, Reminds Crown Castle International Corp. ...",http://www.gurufocus.com/news/1098601/cci-ccipa-deadline-notice-rosen-a-top-law-firm-reminds-crown-castle-international-corp-investors-of-important-deadline-in-securities-class-action-investors-with-large-losses-should-contact-the-firm--cci-ccipa,GuruFocus,"CCI, CCI-PA DEADLINE NOTICE: ROSEN, A TOP LAW FIRM, Reminds Crown Castle International Corp. ...",2020-04-07,same_trading_day,0,0.0957779437303543,0.0105571299791336,0.8936649560928345,0.0852208137512207,neutral,0.368,positive,False,False,True,2020,RealEstate|2020,852,1,0.0011737089201877935,852.0,representative_evaluation,seed=5545; distinct-title sector-year stratified random sample; proportional largest-remainder allocation with at least one per nonempty stratum,pending student review,,,,
2021-06-10,O,RealEstate,Looking for the Largest REITs? Start With This One,https://www.nasdaq.com/articles/looking-for-the-largest-reits-start-with-this-one-2021-06-10,,Looking for the Largest REITs? Start With This One,2021-06-10,same_trading_day,0,0.0490508340299129,0.0194036960601806,0.9315454959869384,0.0296471379697322,neutral,0.0,neutral,True,False,False,2021,RealEstate|2021,525,1,0.0019047619047619048,525.0,representative_evaluation,seed=5545; distinct-title sector-year stratified random sample; proportional largest-remainder allocation with at least one per nonempty stratum,pending student review,,,,
2022-12-28,PLD,RealEstate,Looking for Stocks with Positive Earnings Momentum? Check Out These 2 Finance Names,https://www.nasdaq.com/articles/looking-for-stocks-with-positive-earnings-momentum-check-out-these-2-finance-names,,Looking for Stocks with Positive Earnings Momentum? Check Out These 2 Finance Names,2022-12-28,same_trading_day,0,0.0951791182160377,0.0155452275648713,0.8892757296562195,0.0796338906511664,neutral,0.5574,positive,False,False,True,2022,RealEstate|2022,1173,1,0.0008525149190110827,1173.0,representative_evaluation,seed=5545; distinct-title sector-year stratified random sample; proportional largest-remainder allocation with at least one per nonempty stratum,pending student review,,,,
2023-06-30,AMT,RealEstate,"American Tower (AMT) Rides on Wireless Demand, Acquisitions",https://www.nasdaq.com/articles/american-tower-amt-rides-on-wireless-demand-acquisitions,,"American Tower (AMT) Rides on Wireless Demand, Acquisitions",2023-06-30,same_trading_day,0,0.1974558234214782,0.0129194613546133,0.7896246910095215,0.1845363620668649,neutral,-0.128,negative,False,False,True,2023,RealEstate|2023,1244,1,0.0008038585209003215,1244.0,representative_evaluation,seed=5545; distinct-title sector-year stratified random sample; proportional largest-remainder allocation with at least one per nonempty stratum,pending student review,,,,
2020-01-02,INTC,Tech,"Dow Jones Rushes 230 Points To Record High Thanks To Disney, Apple",http://www.investors.com/market-trend/stock-market-today/dow-jones-romps-230-points-new-high-disney-apple-stock-rally/?src=A00237A&ven=BenzingaCP&src=AURLAAM,Investor's Business Daily,"Dow Jones Rushes 230 Points To Record High Thanks To Disney, Apple",2020-01-02,same_trading_day,0,0.8560760617256165,0.0190171375870704,0.1249068230390548,0.837058924138546,positive,0.4404,positive,True,False,False,2020,Tech|2020,3094,3,0.0009696186166774402,1031.3333333333333,representative_evaluation,seed=5545; distinct-title sector-year stratified random sample; proportional largest-remainder allocation with at least one per nonempty stratum,pending student review,,,,
2020-11-02,INTC,Tech,New Apple Launch Event Set for Next Tuesday,https://www.nasdaq.com/articles/new-apple-launch-event-set-for-next-tuesday-2020-11-03,,New Apple Launch Event Set for Next Tuesday,2020-11-02,same_trading_day,0,0.0297018606215715,0.0258903391659259,0.9444078207015992,0.0038115214556455,neutral,0.0,neutral,True,False,False,2020,Tech|2020,3094,3,0.0009696186166774402,1031.3333333333333,representative_evaluation,seed=5545; distinct-title sector-year stratified random sample; proportional largest-remainder allocation with at least one per nonempty stratum,pending student review,,,,
2020-01-30,ADBE,Tech,"Noteworthy Thursday Option Activity: WDC, ADBE, EGOV",https://www.nasdaq.com/articles/noteworthy-thursday-option-activity%3A-wdc-adbe-egov-2020-01-30,,"Noteworthy Thursday Option Activity: WDC, ADBE, EGOV",2020-01-30,same_trading_day,0,0.0307198837399482,0.0378004685044288,0.9314796924591064,-0.0070805847644805,neutral,0.0,neutral,True,False,False,2020,Tech|2020,3094,3,0.0009696186166774402,1031.3333333333333,representative_evaluation,seed=5545; distinct-title sector-year stratified random sample; proportional largest-remainder allocation with at least one per nonempty stratum,pending student review,,,,
2021-04-28,QCOM,Tech,"After Hours Most Active for Apr 28, 2021 : CNP, F, FB, GOLD, UNIT, AAPL, VICI, VCLT, ON, JWSM, QCOM, BP",https://www.nasdaq.com/articles/after-hours-most-active-for-apr-28-2021-%3A-cnp-f-fb-gold-unit-aapl-vici-vclt-on-jwsm-qcom,,"After Hours Most Active for Apr 28, 2021 : CNP, F, FB, GOLD, UNIT, AAPL, VICI, VCLT, ON, JWSM, QCOM, BP",2021-04-28,same_trading_day,0,0.023368714377284,0.0286820884793996,0.9479491710662842,-0.0053133741021156,neutral,0.4576,positive,False,False,True,2021,Tech|2021,2775,3,0.001081081081081081,925.0,representative_evaluation,seed=5545; distinct-title sector-year stratified random sample; proportional largest-remainder allocation with at least one per nonempty stratum,pending student review,,,,
2021-09-14,INTC,Tech,"After Hours Most Active for Sep 14, 2021 : ZNGA, INTC, AAPL, PCG, VIPS, GIS, JCS, UEPS, GOTU, BABA, MRK, CMCSA",https://www.nasdaq.com/articles/after-hours-most-active-for-sep-14-2021-%3A-znga-intc-aapl-pcg-vips-gis-jcs-ueps-gotu-baba,,"After Hours Most Active for Sep 14, 2021 : ZNGA, INTC, AAPL, PCG, VIPS, GIS, JCS, UEPS, GOTU, BABA, MRK, CMCSA",2021-09-14,same_trading_day,0,0.025072056800127,0.0235544443130493,0.9513734579086304,0.0015176124870777,neutral,0.4576,positive,False,False,True,2021,Tech|2021,2775,3,0.001081081081081081,925.0,representative_evaluation,seed=5545; distinct-title sector-year stratified random sample; proportional largest-remainder allocation with at least one per nonempty stratum,pending student review,,,,
2021-11-21,ADBE,Tech,Good Stocks To Buy Now? 4 Enterprise Software Stocks In Focus,https://www.nasdaq.com/articles/good-stocks-to-buy-now-4-enterprise-software-stocks-in-focus-2021-11-21,,Good Stocks To Buy Now? 4 Enterprise Software Stocks In Focus,2021-11-22,next_trading_day,1,0.0750332400202751,0.0352812856435775,0.8896853923797607,0.0397519543766975,neutral,0.4404,positive,False,False,True,2021,Tech|2021,2775,3,0.001081081081081081,925.0,representative_evaluation,seed=5545; distinct-title sector-year stratified random sample; proportional largest-remainder allocation with at least one per nonempty stratum,pending student review,,,,
2022-09-01,AMD,Tech,AMD Pensando DPUs Help VMware Reduce Operational Costs,https://www.nasdaq.com/articles/amd-pensando-dpus-help-vmware-reduce-operational-costs,,AMD Pensando DPUs Help VMware Reduce Operational Costs,2022-09-01,same_trading_day,0,0.4278879165649414,0.023377189412713,0.5487349033355713,0.4045107271522283,neutral,0.4019,positive,False,False,True,2022,Tech|2022,4920,5,0.0010162601626016261,984.0,representative_evaluation,seed=5545; distinct-title sector-year stratified random sample; proportional largest-remainder allocation with at least one per nonempty stratum,pending student review,,,,
2022-11-15,INTC,Tech,"After Hours Most Active for Nov 15, 2022 : CCL, SHY, BAC, INTC, ATUS, AAPL, EMB, EGHT, LUMN, EW, WFC, AMZN",https://www.nasdaq.com/articles/after-hours-most-active-for-nov-15-2022-%3A-ccl-shy-bac-intc-atus-aapl-emb-eght-lumn-ew-wfc,,"After Hours Most Active for Nov 15, 2022 : CCL, SHY, BAC, INTC, ATUS, AAPL, EMB, EGHT, LUMN, EW, WFC, AMZN",2022-11-15,same_trading_day,0,0.024266742169857,0.0278217513114213,0.9479115605354308,-0.0035550091415643,neutral,0.067,positive,False,False,True,2022,Tech|2022,4920,5,0.0010162601626016261,984.0,representative_evaluation,seed=5545; distinct-title sector-year stratified random sample; proportional largest-remainder allocation with at least one per nonempty stratum,pending student review,,,,
2022-10-12,AMD,Tech,Are Options Traders Betting on a Big Move in Advanced Micro Devices (AMD) Stock?,https://www.nasdaq.com/articles/are-options-traders-betting-on-a-big-move-in-advanced-micro-devices-amd-stock,,Are Options Traders Betting on a Big Move in Advanced Micro Devices (AMD) Stock?,2022-10-12,same_trading_day,0,0.1427668780088424,0.0257455259561538,0.8314875960350037,0.1170213520526886,neutral,0.25,positive,False,False,True,2022,Tech|2022,4920,5,0.0010162601626016261,984.0,representative_evaluation,seed=5545; distinct-title sector-year stratified random sample; proportional largest-remainder allocation with at least one per nonempty stratum,pending student review,,,,
2022-10-31,ADBE,Tech,"If You Invested $1000 in Adobe Systems a Decade Ago, This is How Much It'd Be Worth Now",https://www.nasdaq.com/articles/if-you-invested-%241000-in-adobe-systems-a-decade-ago-this-is-how-much-itd-be-worth-now,,"If You Invested $1000 in Adobe Systems a Decade Ago, This is How Much It'd Be Worth Now",2022-10-31,same_trading_day,0,0.0689078867435455,0.0133078331127762,0.9177843928337096,0.0556000536307692,neutral,0.2263,positive,False,False,True,2022,Tech|2022,4920,5,0.0010162601626016261,984.0,representative_evaluation,seed=5545; distinct-title sector-year stratified random sample; proportional largest-remainder allocation with at least one per nonempty stratum,pending student review,,,,
2022-11-27,ADBE,Tech,Where Will Autodesk Stock Be in 1 Year?,https://www.nasdaq.com/articles/where-will-autodesk-stock-be-in-1-year,,Where Will Autodesk Stock Be in 1 Year?,2022-11-28,next_trading_day,1,0.0349626392126083,0.0204696934670209,0.944567620754242,0.0144929457455873,neutral,0.0,neutral,True,False,False,2022,Tech|2022,4920,5,0.0010162601626016261,984.0,representative_evaluation,seed=5545; distinct-title sector-year stratified random sample; proportional largest-remainder allocation with at least one per nonempty stratum,pending student review,,,,
2023-03-08,NVDA,Tech,3 AI Stocks That Are Revolutionizing Manufacturing,https://www.nasdaq.com/articles/3-ai-stocks-that-are-revolutionizing-manufacturing,,3 AI Stocks That Are Revolutionizing Manufacturing,2023-03-08,same_trading_day,0,0.0915428698062896,0.0162908751517534,0.8921663165092468,0.0752519946545362,neutral,0.0,neutral,True,False,False,2023,Tech|2023,7922,7,0.0008836152486745772,1131.7142857142858,representative_evaluation,seed=5545; distinct-title sector-year stratified random sample; proportional largest-remainder allocation with at least one per nonempty stratum,pending student review,,,,
2023-05-19,QCOM,Tech,Britain's $1.3 bln semiconductor support plan gets cool response,https://www.nasdaq.com/articles/britains-%241.3-bln-semiconductor-support-plan-gets-cool-response,,Britain's $1.3 bln semiconductor support plan gets cool response,2023-05-19,same_trading_day,0,0.6850653886795044,0.0694210082292556,0.2455136030912399,0.6156443804502487,positive,0.6124,positive,True,False,False,2023,Tech|2023,7922,7,0.0008836152486745772,1131.7142857142858,representative_evaluation,seed=5545; distinct-title sector-year stratified random sample; proportional largest-remainder allocation with at least one per nonempty stratum,pending student review,,,,
2023-07-25,INTC,Tech,"MSCI Q2 Earnings Beat, Recurring Subscriptions Rise Y/Y",https://www.nasdaq.com/articles/msci-q2-earnings-beat-recurring-subscriptions-rise-y-y,,"MSCI Q2 Earnings Beat, Recurring Subscriptions Rise Y/Y",2023-07-25,same_trading_day,0,0.9461419582366944,0.0294906217604875,0.0243674498051404,0.9166513364762068,positive,0.0,neutral,False,False,True,2023,Tech|2023,7922,7,0.0008836152486745772,1131.7142857142858,representative_evaluation,seed=5545; distinct-title sector-year stratified random sample; proportional largest-remainder allocation with at least one per nonempty stratum,pending student review,,,,
2023-07-24,AMD,Tech,"Major AI Updates This Past Week From Tesla, AMD, ASML, TSMC, Microsoft, and Others",https://www.nasdaq.com/articles/major-ai-updates-this-past-week-from-tesla-amd-asml-tsmc-microsoft-and-others,,"Major AI Updates This Past Week From Tesla, AMD, ASML, TSMC, Microsoft, and Others",2023-07-24,same_trading_day,0,0.0563417300581932,0.0178868304938077,0.9257714748382568,0.0384548995643854,neutral,0.0,neutral,True,False,False,2023,Tech|2023,7922,7,0.0008836152486745772,1131.7142857142858,representative_evaluation,seed=5545; distinct-title sector-year stratified random sample; proportional largest-remainder allocation with at least one per nonempty stratum,pending student review,,,,
2023-08-24,ADBE,Tech,Nike shareholders push for more reporting on pay equity,https://www.nasdaq.com/articles/nike-shareholders-push-for-more-reporting-on-pay-equity,,Nike shareholders push for more reporting on pay equity,2023-08-24,same_trading_day,0,0.1463759988546371,0.0319830887019634,0.8216408491134644,0.1143929101526737,neutral,-0.1689,negative,False,False,True,2023,Tech|2023,7922,7,0.0008836152486745772,1131.7142857142858,representative_evaluation,seed=5545; distinct-title sector-year stratified random sample; proportional largest-remainder allocation with at least one per nonempty stratum,pending student review,,,,
2023-05-26,NVDA,Tech,Why Marvell Technology Stock Soared 29% Friday,https://www.nasdaq.com/articles/why-marvell-technology-stock-soared-29-friday,,Why Marvell Technology Stock Soared 29% Friday,2023-05-26,same_trading_day,0,0.9471280574798584,0.0160068348050117,0.0368651077151298,0.9311212226748466,positive,0.0,neutral,False,False,True,2023,Tech|2023,7922,7,0.0008836152486745772,1131.7142857142858,representative_evaluation,seed=5545; distinct-title sector-year stratified random sample; proportional largest-remainder allocation with at least one per nonempty stratum,pending student review,,,,
2023-03-23,AMD,Tech,"Zacks Market Edge Highlights: NVIDIA, Broadcom, Texas Instruments, Advanced Micro Devices and Qualcomm",https://www.nasdaq.com/articles/zacks-market-edge-highlights%3A-nvidia-broadcom-texas-instruments-advanced-micro-devices-and,,"Zacks Market Edge Highlights: NVIDIA, Broadcom, Texas Instruments, Advanced Micro Devices and Qualcomm",2023-03-23,same_trading_day,0,0.1301485449075698,0.0112702567130327,0.8585811853408813,0.1188782881945371,neutral,0.25,positive,False,False,True,2023,Tech|2023,7922,7,0.0008836152486745772,1131.7142857142858,representative_evaluation,seed=5545; distinct-title sector-year stratified random sample; proportional largest-remainder allocation with at least one per nonempty stratum,pending student review,,,,
2020-01-21,D,Utilities,Dominion Energy Donates $–.6 Million to Nonprofit Partners Meeting Critical Community Needs,http://www.gurufocus.com/news/1019277/dominion-energy-donates-16-million-to-nonprofit-partners-meeting-critical-community-needs,GuruFocus,Dominion Energy Donates $–.6 Million to Nonprofit Partners Meeting Critical Community Needs,2020-01-21,same_trading_day,0,0.6200764179229736,0.0091073382645845,0.3708162903785705,0.6109690796583891,positive,-0.0516,negative,False,True,False,2020,Utilities|2020,1333,1,0.0007501875468867217,1333.0,representative_evaluation,seed=5545; distinct-title sector-year stratified random sample; proportional largest-remainder allocation with at least one per nonempty stratum,pending student review,,,,
2021-05-05,D,Utilities,"Dominion Energy, Inc (D) Q1 2021 Earnings Call Transcript",https://www.nasdaq.com/articles/dominion-energy-inc-d-q1-2021-earnings-call-transcript-2021-05-05,,"Dominion Energy, Inc (D) Q1 2021 Earnings Call Transcript",2021-05-05,same_trading_day,0,0.0441962257027626,0.0479596629738807,0.9078441262245178,-0.0037634372711181,neutral,0.2732,positive,False,False,True,2021,Utilities|2021,586,1,0.0017064846416382253,586.0,representative_evaluation,seed=5545; distinct-title sector-year stratified random sample; proportional largest-remainder allocation with at least one per nonempty stratum,pending student review,,,,
2022-06-09,AEP,Utilities,"XLU, SRE, AEP, EXC: Large Inflows Detected at ETF",https://www.nasdaq.com/articles/xlu-sre-aep-exc%3A-large-inflows-detected-at-etf,,"XLU, SRE, AEP, EXC: Large Inflows Detected at ETF",2022-06-09,same_trading_day,0,0.3924178779125213,0.4113847911357879,0.1961974203586578,-0.0189669132232666,negative,0.0,neutral,False,False,True,2022,Utilities|2022,1108,1,0.0009025270758122744,1108.0,representative_evaluation,seed=5545; distinct-title sector-year stratified random sample; proportional largest-remainder allocation with at least one per nonempty stratum,pending student review,,,,
2023-04-28,NEE,Utilities,Here's Why NextEra Energy Is a No-Brainer Dividend Growth Stock,https://www.nasdaq.com/articles/heres-why-nextera-energy-is-a-no-brainer-dividend-growth-stock,,Here's Why NextEra Energy Is a No-Brainer Dividend Growth Stock,2023-04-28,same_trading_day,0,0.0648123398423194,0.0130307227373123,0.9221569299697876,0.0517816171050071,neutral,0.5719,positive,False,False,True,2023,Utilities|2023,1231,1,0.0008123476848090983,1231.0,representative_evaluation,seed=5545; distinct-title sector-year stratified random sample; proportional largest-remainder allocation with at least one per nonempty stratum,pending student review,,,,
2022-04-05,INTC,Tech,7 Real Estate Trends to Megawatch Over the Next Decade And How to Profit From Them,https://www.nasdaq.com/articles/7-real-estate-trends-to-megawatch-over-the-next-decade-and-how-to-profit-from-them,,7 Real Estate Trends to Megawatch Over the Next Decade And How to Profit From Them,2022-04-05,same_trading_day,0,0.0673812627792358,0.015065087005496,0.9175536632537842,0.0523161757737398,neutral,0.4404,positive,False,False,True,2022,earnings_announcement,,8,,,disagreement_enriched_diagnosis,"seed=5546; model disagreement and headline concerns earnings, results, or outlook; disagreement-enriched, unweighted",pending student review,,,,
2022-05-16,OXY,Energy,Callon (CPE) Stock Dips 16% Despite Reporting Q1 Earnings Beat,https://www.nasdaq.com/articles/callon-cpe-stock-dips-16-despite-reporting-q1-earnings-beat,,Callon (CPE) Stock Dips 16% Despite Reporting Q1 Earnings Beat,2022-05-16,same_trading_day,0,0.0125695308670401,0.9665762782096864,0.020854216068983,-0.954006747342646,negative,0.0,neutral,False,False,True,2022,earnings_announcement,,8,,,disagreement_enriched_diagnosis,"seed=5546; model disagreement and headline concerns earnings, results, or outlook; disagreement-enriched, unweighted",pending student review,,,,
2022-10-25,EA,Comm,Earnings Preview: Electronic Arts (EA) Q2 Earnings Expected to Decline,https://www.nasdaq.com/articles/earnings-preview%3A-electronic-arts-ea-q2-earnings-expected-to-decline,,Earnings Preview: Electronic Arts (EA) Q2 Earnings Expected to Decline,2022-10-25,same_trading_day,0,0.0110373580828309,0.9584746956825256,0.0304879453033208,-0.9474373375996948,negative,0.0,neutral,False,False,True,2022,earnings_announcement,,8,,,disagreement_enriched_diagnosis,"seed=5546; model disagreement and headline concerns earnings, results, or outlook; disagreement-enriched, unweighted",pending student review,,,,
2020-02-12,SBUX,Consumer,Earnings Preview: The Results Aren’t Just Important for Alibaba Stock,https://www.nasdaq.com/articles/earnings-preview%3A-the-results-arent-just-important-for-alibaba-stock-2020-02-12,,Earnings Preview: The Results Aren’t Just Important for Alibaba Stock,2020-02-12,same_trading_day,0,0.079417310655117,0.0254735946655273,0.8951091170310974,0.0539437159895896,neutral,0.2023,positive,False,False,True,2020,earnings_announcement,,8,,,disagreement_enriched_diagnosis,"seed=5546; model disagreement and headline concerns earnings, results, or outlook; disagreement-enriched, unweighted",pending student review,,,,
2020-01-03,GILD,Healthcare,Gilead Sciences Option Alert: Jan 17 $65 Calls at the Ask: 1500 @ $1.311 vs 32458 OI; Earnings 2/3 After Close [est] Ref=$65.1002,https://www.benzinga.com/markets/options/20/01/15068937/gilead-sciences-option-alert-jan-17-65-calls-at-the-ask-1500-1-311-vs-32458-oi-earnings-23-after-,Charles Gross,Gilead Sciences Option Alert: Jan 17 $65 Calls at the Ask: 1500 @ $1.311 vs 32458 OI; Earnings 2/3 After Close [est] Ref=$65.1002,2020-01-03,same_trading_day,0,0.1553744673728943,0.2220257669687271,0.6225997805595398,-0.0666512995958328,neutral,0.296,positive,False,False,True,2020,earnings_announcement,,8,,,disagreement_enriched_diagnosis,"seed=5546; model disagreement and headline concerns earnings, results, or outlook; disagreement-enriched, unweighted",pending student review,,,,
2023-04-27,AMD,Tech,Intel forecasts second-quarter revenue above estimates,https://www.nasdaq.com/articles/intel-forecasts-second-quarter-revenue-above-estimates,,Intel forecasts second-quarter revenue above estimates,2023-04-27,same_trading_day,0,0.7439300417900085,0.1955139935016632,0.0605559088289737,0.5484160482883453,positive,0.0,neutral,False,False,True,2023,earnings_announcement,,8,,,disagreement_enriched_diagnosis,"seed=5546; model disagreement and headline concerns earnings, results, or outlook; disagreement-enriched, unweighted",pending student review,,,,
2022-05-06,MRK,Healthcare,"Iovance (IOVA) Q1 Earnings Beat, Lifileucel BLA on Track",https://www.nasdaq.com/articles/iovance-iova-q1-earnings-beat-lifileucel-bla-on-track,,"Iovance (IOVA) Q1 Earnings Beat, Lifileucel BLA on Track",2022-05-06,same_trading_day,0,0.9288018941879272,0.0263730902224779,0.0448250919580459,0.9024288039654492,positive,0.0,neutral,False,False,True,2022,earnings_announcement,,8,,,disagreement_enriched_diagnosis,"seed=5546; model disagreement and headline concerns earnings, results, or outlook; disagreement-enriched, unweighted",pending student review,,,,
2022-07-27,TMUS,Comm,T-Mobile (TMUS) Surpasses Q2 Earnings Estimates,https://www.nasdaq.com/articles/t-mobile-tmus-surpasses-q2-earnings-estimates,,T-Mobile (TMUS) Surpasses Q2 Earnings Estimates,2022-07-27,same_trading_day,0,0.9548041820526124,0.0201115831732749,0.0250842049717903,0.9346925988793372,positive,0.0,neutral,False,False,True,2022,earnings_announcement,,8,,,disagreement_enriched_diagnosis,"seed=5546; model disagreement and headline concerns earnings, results, or outlook; disagreement-enriched, unweighted",pending student review,,,,
2023-03-03,PLD,RealEstate,A Recession Won't Slow Down This Dynamic Dividend Stock,https://www.nasdaq.com/articles/a-recession-wont-slow-down-this-dynamic-dividend-stock,,A Recession Won't Slow Down This Dynamic Dividend Stock,2023-03-03,same_trading_day,0,0.134456917643547,0.3047730028629303,0.5607700943946838,-0.1703160852193832,neutral,-0.0516,negative,False,False,True,2023,financial_term,,8,,,disagreement_enriched_diagnosis,"seed=5546; model disagreement and headline contains a finance-domain term; disagreement-enriched, unweighted",pending student review,,,,
2022-10-25,AMGN,Healthcare,AMGN Dividend Yield Pushes Past 3%,https://www.nasdaq.com/articles/amgn-dividend-yield-pushes-past-3,,AMGN Dividend Yield Pushes Past 3%,2022-10-25,same_trading_day,0,0.4927412271499634,0.4649727344512939,0.0422860048711299,0.0277684926986694,positive,0.0,neutral,False,False,True,2022,financial_term,,8,,,disagreement_enriched_diagnosis,"seed=5546; model disagreement and headline contains a finance-domain term; disagreement-enriched, unweighted",pending student review,,,,
2020-06-26,CVX,Energy,Forget Royal Dutch Shell -- Here Are 2 Better Dividend Stocks,https://www.nasdaq.com/articles/forget-royal-dutch-shell-here-are-2-better-dividend-stocks-2020-06-26,,Forget Royal Dutch Shell -- Here Are 2 Better Dividend Stocks,2020-06-26,same_trading_day,0,0.1473044753074646,0.0202259067445993,0.8324695825576782,0.1270785685628652,neutral,0.25,positive,False,False,True,2020,financial_term,,8,,,disagreement_enriched_diagnosis,"seed=5546; model disagreement and headline contains a finance-domain term; disagreement-enriched, unweighted",pending student review,,,,
2022-10-22,ABT,Healthcare,Is Abbott Laboratories Still a Good Dividend Stock to Buy?,https://www.nasdaq.com/articles/is-abbott-laboratories-still-a-good-dividend-stock-to-buy,,Is Abbott Laboratories Still a Good Dividend Stock to Buy?,2022-10-24,next_trading_day,2,0.1887526512145996,0.0111347045749425,0.8001127243041992,0.177617946639657,neutral,0.4404,positive,False,False,True,2022,financial_term,,8,,,disagreement_enriched_diagnosis,"seed=5546; model disagreement and headline contains a finance-domain term; disagreement-enriched, unweighted",pending student review,,,,
2022-06-15,O,RealEstate,Is Realty Income's (O) Latest Dividend Hike Sustainable?,https://www.nasdaq.com/articles/is-realty-incomes-o-latest-dividend-hike-sustainable-0,,Is Realty Income's (O) Latest Dividend Hike Sustainable?,2022-06-15,same_trading_day,0,0.5899305939674377,0.0254954416304826,0.3845739662647247,0.5644351523369551,positive,0.0,neutral,False,False,True,2022,financial_term,,8,,,disagreement_enriched_diagnosis,"seed=5546; model disagreement and headline contains a finance-domain term; disagreement-enriched, unweighted",pending student review,,,,
2023-10-30,WMT,Consumer,"Walmart to upgrade 1,400 stores with $9 billion investment",https://www.nasdaq.com/articles/walmart-to-upgrade-1400-stores-with-%249-billion-investment,,"Walmart to upgrade 1,400 stores with $9 billion investment",2023-10-30,same_trading_day,0,0.9095917344093324,0.0084228320047259,0.0819853320717811,0.9011689024046065,positive,0.0,neutral,False,False,True,2023,financial_term,,8,,,disagreement_enriched_diagnosis,"seed=5546; model disagreement and headline contains a finance-domain term; disagreement-enriched, unweighted",pending student review,,,,
2023-05-10,AMT,RealEstate,Why Is Uniti Group's Dividend So High?,https://www.nasdaq.com/articles/why-is-uniti-groups-dividend-so-high,,Why Is Uniti Group's Dividend So High?,2023-05-10,same_trading_day,0,0.0304406732320785,0.5718393921852112,0.3977200090885162,-0.5413987189531326,negative,0.0,neutral,False,False,True,2023,financial_term,,8,,,disagreement_enriched_diagnosis,"seed=5546; model disagreement and headline contains a finance-domain term; disagreement-enriched, unweighted",pending student review,,,,
2021-07-25,V,Financials,Worried A Stock Market Crash Is Coming? 3 No-Brainer Dividend Stocks You Don't Need to Wait to Buy,https://www.nasdaq.com/articles/worried-a-stock-market-crash-is-coming-3-no-brainer-dividend-stocks-you-dont-need-to-wait,,Worried A Stock Market Crash Is Coming? 3 No-Brainer Dividend Stocks You Don't Need to Wait to Buy,2021-07-26,next_trading_day,1,0.028407571837306,0.0814024284482002,0.8901899456977844,-0.0529948566108942,neutral,-0.5994,negative,False,False,True,2021,financial_term,,8,,,disagreement_enriched_diagnosis,"seed=5546; model disagreement and headline contains a finance-domain term; disagreement-enriched, unweighted",pending student review,,,,
2023-08-17,NVDA,Tech,3 Super Speculative AI Stocks Not Worth the Risk,https://www.nasdaq.com/articles/3-super-speculative-ai-stocks-not-worth-the-risk,,3 Super Speculative AI Stocks Not Worth the Risk,2023-08-17,same_trading_day,0,0.0462721548974514,0.1608300954103469,0.7928977012634277,-0.1145579405128955,neutral,0.6649,positive,False,False,True,2023,negation,,8,,,disagreement_enriched_diagnosis,"seed=5546; model disagreement and headline contains a negation cue; disagreement-enriched, unweighted",pending student review,,,,
2021-02-05,T,Comm,Even Frodo Can't Save AMC Stock Now,https://www.nasdaq.com/articles/even-frodo-cant-save-amc-stock-now-2021-02-05,,Even Frodo Can't Save AMC Stock Now,2021-02-05,same_trading_day,0,0.0383215583860874,0.1834252625703811,0.7782531380653381,-0.1451037041842937,neutral,-0.3875,negative,False,False,True,2021,negation,,8,,,disagreement_enriched_diagnosis,"seed=5546; model disagreement and headline contains a negation cue; disagreement-enriched, unweighted",pending student review,,,,
2022-07-19,PLD,RealEstate,Forget What You've Heard: This REIT Isn't Seeing Any Slowdown,https://www.nasdaq.com/articles/forget-what-youve-heard%3A-this-reit-isnt-seeing-any-slowdown,,Forget What You've Heard: This REIT Isn't Seeing Any Slowdown,2022-07-19,same_trading_day,0,0.1638825088739395,0.2931609451770782,0.542956531047821,-0.1292784363031387,neutral,-0.2263,negative,False,False,True,2022,negation,,8,,,disagreement_enriched_diagnosis,"seed=5546; model disagreement and headline contains a negation cue; disagreement-enriched, unweighted",pending student review,,,,
2023-11-26,NVDA,Tech,"GDP, Fed Speakers and Other Can't Miss Items This Week",https://www.nasdaq.com/articles/gdp-fed-speakers-and-other-cant-miss-items-this-week,,"GDP, Fed Speakers and Other Can't Miss Items This Week",2023-11-27,next_trading_day,1,0.0367418080568313,0.0431015267968177,0.9201566576957704,-0.0063597187399864,neutral,0.1139,positive,False,False,True,2023,negation,,8,,,disagreement_enriched_diagnosis,"seed=5546; model disagreement and headline contains a negation cue; disagreement-enriched, unweighted",pending student review,,,,
2022-03-28,XOM,Energy,"No hydrocarbons found in key Exxon drilling in Brazil, partner says",https://www.nasdaq.com/articles/no-hydrocarbons-found-in-key-exxon-drilling-in-brazil-partner-says,,"No hydrocarbons found in key Exxon drilling in Brazil, partner says",2022-03-28,same_trading_day,0,0.0544392429292202,0.0224788784980773,0.923081874847412,0.0319603644311428,neutral,-0.296,negative,False,False,True,2022,negation,,8,,,disagreement_enriched_diagnosis,"seed=5546; model disagreement and headline contains a negation cue; disagreement-enriched, unweighted",pending student review,,,,
2021-09-09,NKE,Consumer,Supply Chain Woes Should Not Impact NIKE's (NYSE:NKE) Dividend,https://www.nasdaq.com/articles/supply-chain-woes-should-not-impact-nikes-nyse%3Anke-dividend-2021-09-09,,Supply Chain Woes Should Not Impact NIKE's (NYSE:NKE) Dividend,2021-09-09,same_trading_day,0,0.0238226819783449,0.120360679924488,0.855816662311554,-0.0965379979461431,neutral,-0.4404,negative,False,False,True,2021,negation,,8,,,disagreement_enriched_diagnosis,"seed=5546; model disagreement and headline contains a negation cue; disagreement-enriched, unweighted",pending student review,,,,
2021-08-13,NKE,Consumer,These 2 Popular Stocks Rely Heavily on China -- and That's Not a Bad Thing,https://www.nasdaq.com/articles/these-2-popular-stocks-rely-heavily-on-china-and-thats-not-a-bad-thing-2021-08-13,,These 2 Popular Stocks Rely Heavily on China -- and That's Not a Bad Thing,2021-08-13,same_trading_day,0,0.1854410022497177,0.0349512174725532,0.7796077728271484,0.1504897847771644,neutral,0.6858,positive,False,False,True,2021,negation,,8,,,disagreement_enriched_diagnosis,"seed=5546; model disagreement and headline contains a negation cue; disagreement-enriched, unweighted",pending student review,,,,
2022-09-08,MMM,Industrials,Why 3M Stock Plunged in August and May Not Recover Soon,https://www.nasdaq.com/articles/why-3m-stock-plunged-in-august-and-may-not-recover-soon,,Why 3M Stock Plunged in August and May Not Recover Soon,2022-09-08,same_trading_day,0,0.0134546225890517,0.9469385743141174,0.0396068282425403,-0.9334839517250656,negative,0.0,neutral,False,False,True,2022,negation,,8,,,disagreement_enriched_diagnosis,"seed=5546; model disagreement and headline contains a negation cue; disagreement-enriched, unweighted",pending student review,,,,
2021-04-13,ABBV,Healthcare,2 Stocks That Are Perfect to Buy Now and Hold Until Retirement,https://www.nasdaq.com/articles/2-stocks-that-are-perfect-to-buy-now-and-hold-until-retirement-2021-04-13,,2 Stocks That Are Perfect to Buy Now and Hold Until Retirement,2021-04-13,same_trading_day,0,0.0507854260504245,0.0192561857402324,0.9299582839012146,0.0315292403101921,neutral,0.5719,positive,False,False,True,2021,neutral_non_neutral,,8,,,disagreement_enriched_diagnosis,"seed=5546; exactly one descriptive model label is neutral; disagreement-enriched, unweighted",pending student review,,,,
2022-12-19,MS,Financials,7 Stocks to Buy Before the Holidays,https://www.nasdaq.com/articles/7-stocks-to-buy-before-the-holidays,,7 Stocks to Buy Before the Holidays,2022-12-19,same_trading_day,0,0.0443854741752147,0.0305890664458274,0.9250255227088928,0.0137964077293872,neutral,0.3818,positive,False,False,True,2022,neutral_non_neutral,,8,,,disagreement_enriched_diagnosis,"seed=5546; exactly one descriptive model label is neutral; disagreement-enriched, unweighted",pending student review,,,,
2022-12-27,T,Comm,Best Value Stocks To Buy For 2023? 3 To Watch,https://www.nasdaq.com/articles/best-value-stocks-to-buy-for-2023-3-to-watch,,Best Value Stocks To Buy For 2023? 3 To Watch,2022-12-27,same_trading_day,0,0.0453528948128223,0.0188227333128452,0.9358243942260742,0.0265301614999771,neutral,0.765,positive,False,False,True,2022,neutral_non_neutral,,8,,,disagreement_enriched_diagnosis,"seed=5546; exactly one descriptive model label is neutral; disagreement-enriched, unweighted",pending student review,,,,
2021-10-22,INTC,Tech,"Dow Snags Record Close, Indexes Nab Weekly Wins",https://www.nasdaq.com/articles/dow-snags-record-close-indexes-nab-weekly-wins-2021-10-22,,"Dow Snags Record Close, Indexes Nab Weekly Wins",2021-10-22,same_trading_day,0,0.2104681730270385,0.2000784128904342,0.589453399181366,0.0103897601366043,neutral,0.5719,positive,False,False,True,2021,neutral_non_neutral,,8,,,disagreement_enriched_diagnosis,"seed=5546; exactly one descriptive model label is neutral; disagreement-enriched, unweighted",pending student review,,,,
2020-04-08,DIS,Consumer,ETF Areas That Make Good Investment Choices for April,http://www.zacks.com/stock/news/861394/etf-areas-that-make-good-investment-choices-for-april?cid=CS-BENZ-FT-etf_news_and_commentary-861394,Zacks,ETF Areas That Make Good Investment Choices for April,2020-04-08,same_trading_day,0,0.2164026647806167,0.0077649890445172,0.7758323550224304,0.2086376757360994,neutral,0.4404,positive,False,False,True,2020,neutral_non_neutral,,8,,,disagreement_enriched_diagnosis,"seed=5546; exactly one descriptive model label is neutral; disagreement-enriched, unweighted",pending student review,,,,
2021-04-13,WFC,Financials,How Close Is Wells Fargo to Exiting Its Asset Cap?,https://www.nasdaq.com/articles/how-close-is-wells-fargo-to-exiting-its-asset-cap-2021-04-13,,How Close Is Wells Fargo to Exiting Its Asset Cap?,2021-04-13,same_trading_day,0,0.1145999133586883,0.1490108221769333,0.7363892197608948,-0.0344109088182449,neutral,0.5423,positive,False,False,True,2021,neutral_non_neutral,,8,,,disagreement_enriched_diagnosis,"seed=5546; exactly one descriptive model label is neutral; disagreement-enriched, unweighted",pending student review,,,,
2022-12-19,GILD,Healthcare,"Unusual Options Activity in Apple, Home Depot and 8 Other Stocks",https://www.nasdaq.com/articles/unusual-options-activity-in-apple-home-depot-and-8-other-stocks,,"Unusual Options Activity in Apple, Home Depot and 8 Other Stocks",2022-12-19,same_trading_day,0,0.0152913071215152,0.9210649132728576,0.0636437237262725,-0.9057736061513424,negative,0.0,neutral,False,False,True,2022,neutral_non_neutral,,8,,,disagreement_enriched_diagnosis,"seed=5546; exactly one descriptive model label is neutral; disagreement-enriched, unweighted",pending student review,,,,
2022-12-29,CVX,Energy,Why Shares of Hyzon Motors Are Skyrocketing Today,https://www.nasdaq.com/articles/why-shares-of-hyzon-motors-are-skyrocketing-today,,Why Shares of Hyzon Motors Are Skyrocketing Today,2022-12-29,same_trading_day,0,0.0699746087193489,0.4117290377616882,0.5182963013648987,-0.3417544290423393,neutral,0.296,positive,False,False,True,2022,neutral_non_neutral,,8,,,disagreement_enriched_diagnosis,"seed=5546; exactly one descriptive model label is neutral; disagreement-enriched, unweighted",pending student review,,,,
2020-09-27,AMD,Tech,2 Bargain Tech Stocks to Buy Now,https://www.nasdaq.com/articles/2-bargain-tech-stocks-to-buy-now-2020-09-27,,2 Bargain Tech Stocks to Buy Now,2020-09-28,next_trading_day,1,0.0740677341818809,0.0242968723177909,0.9016353487968444,0.0497708618640899,neutral,0.2023,positive,False,False,True,2020,numerical,,8,,,disagreement_enriched_diagnosis,"seed=5546; model disagreement and headline contains a number, percentage, or currency symbol; disagreement-enriched, unweighted",pending student review,,,,
2021-12-24,ABBV,Healthcare,3 Best Buffett Stocks to Buy for the Long Haul,https://www.nasdaq.com/articles/3-best-buffett-stocks-to-buy-for-the-long-haul,,3 Best Buffett Stocks to Buy for the Long Haul,2021-12-27,next_trading_day,3,0.1005057170987129,0.0166234783828258,0.8828708529472351,0.083882238715887,neutral,0.6369,positive,False,False,True,2021,numerical,,8,,,disagreement_enriched_diagnosis,"seed=5546; model disagreement and headline contains a number, percentage, or currency symbol; disagreement-enriched, unweighted",pending student review,,,,
2021-12-09,SBUX,Consumer,3 Reasons I Am Excited About Starbucks Stock,https://www.nasdaq.com/articles/3-reasons-i-am-excited-about-starbucks-stock,,3 Reasons I Am Excited About Starbucks Stock,2021-12-09,same_trading_day,0,0.121936447918415,0.0111843636259436,0.8668791055679321,0.1107520842924714,neutral,0.34,positive,False,False,True,2021,numerical,,8,,,disagreement_enriched_diagnosis,"seed=5546; model disagreement and headline contains a number, percentage, or currency symbol; disagreement-enriched, unweighted",pending student review,,,,
2020-04-13,CMCSA,Comm,Coronavirus: Health Experts Say That Crowded Events Need to Stay Closed Until the Fall of 2021,https://www.nasdaq.com/articles/coronavirus%3A-health-experts-say-that-crowded-events-need-to-stay-closed-until-the-fall-of,,Coronavirus: Health Experts Say That Crowded Events Need to Stay Closed Until the Fall of 2021,2020-04-13,same_trading_day,0,0.0226347278803586,0.5809396505355835,0.3964256048202514,-0.5583049226552248,negative,0.0,neutral,False,False,True,2020,numerical,,8,,,disagreement_enriched_diagnosis,"seed=5546; model disagreement and headline contains a number, percentage, or currency symbol; disagreement-enriched, unweighted",pending student review,,,,
2020-07-30,GILD,Healthcare,Gilead Sciences Inc. Q2 adjusted earnings of $1.11 per share,https://www.nasdaq.com/articles/gilead-sciences-inc.-q2-adjusted-earnings-of-%241.11-per-share-2020-07-30,,Gilead Sciences Inc. Q2 adjusted earnings of $1.11 per share,2020-07-30,same_trading_day,0,0.0889897495508194,0.0382088348269462,0.8728014230728149,0.0507809147238731,neutral,0.296,positive,False,False,True,2020,numerical,,8,,,disagreement_enriched_diagnosis,"seed=5546; model disagreement and headline contains a number, percentage, or currency symbol; disagreement-enriched, unweighted",pending student review,,,,
2021-12-03,NVDA,Tech,MRVL Stock Alert: 14 Reasons Why Marvell Technology Investors Are Feeling Marvelous Today,https://www.nasdaq.com/articles/mrvl-stock-alert%3A-14-reasons-why-marvell-technology-investors-are-feeling-marvelous-today,,MRVL Stock Alert: 14 Reasons Why Marvell Technology Investors Are Feeling Marvelous Today,2021-12-03,same_trading_day,0,0.0951990038156509,0.1318057626485824,0.7729951739311218,-0.0366067588329315,neutral,0.765,positive,False,False,True,2021,numerical,,8,,,disagreement_enriched_diagnosis,"seed=5546; model disagreement and headline contains a number, percentage, or currency symbol; disagreement-enriched, unweighted",pending student review,,,,
2021-10-11,WMT,Consumer,"Netflix Stock: Next Stop, $740?",https://www.nasdaq.com/articles/netflix-stock%3A-next-stop-%24740-2021-10-11,,"Netflix Stock: Next Stop, $740?",2021-10-11,same_trading_day,0,0.042922768741846,0.0215508416295051,0.935526430606842,0.0213719271123409,neutral,-0.296,negative,False,False,True,2021,numerical,,8,,,disagreement_enriched_diagnosis,"seed=5546; model disagreement and headline contains a number, percentage, or currency symbol; disagreement-enriched, unweighted",pending student review,,,,
2020-02-11,NVDA,Tech,"Wells Fargo Maintains Overweight on NVIDIA, Raises Price Target to $290",https://www.benzinga.com/news/20/02/15299943/wells-fargo-maintains-overweight-on-nvidia-raises-price-target-to-290,Vick Meyer,"Wells Fargo Maintains Overweight on NVIDIA, Raises Price Target to $290",2020-02-11,same_trading_day,0,0.9202444553375244,0.0236579943448305,0.056097500026226,0.8965864609926939,positive,-0.128,negative,False,True,False,2020,numerical,,8,,,disagreement_enriched_diagnosis,"seed=5546; model disagreement and headline contains a number, percentage, or currency symbol; disagreement-enriched, unweighted",pending student review,,,,
2020-02-06,AMD,Tech,AMD Shares Down 2%; MarketWatch Opinion Piece From Futurum Research's Daniel Newman 'Why AMD's best days are behind it',https://www.benzinga.com/news/20/02/15269449/amd-shares-down-2-marketwatch-opinion-piece-from-futurum-researchs-daniel-newman-why-amds-best-days,Benzinga Newsdesk,AMD Shares Down 2%; MarketWatch Opinion Piece From Futurum Research's Daniel Newman 'Why AMD's best days are behind it',2020-02-06,same_trading_day,0,0.0091684544458985,0.9687970280647278,0.0220345500856637,-0.9596285736188293,negative,0.7506,positive,False,True,False,2020,opposite_sign,,10,,,disagreement_enriched_diagnosis,"seed=5546; VADER positive versus FinBERT negative, or VADER negative versus FinBERT positive; disagreement-enriched, unweighted",pending student review,,,,
2023-09-28,ABT,Healthcare,Abbott (ABT) Rides on Nutrition Recovery Amid Low Testing Sales,https://www.nasdaq.com/articles/abbott-abt-rides-on-nutrition-recovery-amid-low-testing-sales,,Abbott (ABT) Rides on Nutrition Recovery Amid Low Testing Sales,2023-09-28,same_trading_day,0,0.892176628112793,0.0856369286775589,0.0221863966435194,0.8065396994352341,positive,-0.2732,negative,False,True,False,2023,opposite_sign,,10,,,disagreement_enriched_diagnosis,"seed=5546; VADER positive versus FinBERT negative, or VADER negative versus FinBERT positive; disagreement-enriched, unweighted",pending student review,,,,
2023-04-20,CCI,RealEstate,"Crown Castle's (CCI) Q1 AFFO Lags Estimates, Revenues Up Y/Y",https://www.nasdaq.com/articles/crown-castles-cci-q1-affo-lags-estimates-revenues-up-y-y,,"Crown Castle's (CCI) Q1 AFFO Lags Estimates, Revenues Up Y/Y",2023-04-20,same_trading_day,0,0.9553207159042358,0.0256046131253242,0.0190747641026973,0.9297161027789116,positive,-0.3612,negative,False,True,False,2023,opposite_sign,,10,,,disagreement_enriched_diagnosis,"seed=5546; VADER positive versus FinBERT negative, or VADER negative versus FinBERT positive; disagreement-enriched, unweighted",pending student review,,,,
2020-05-06,CVX,Energy,"GLOBAL MARKETS-World shares mixed amid hopes for business pickup, oil slips",https://www.nasdaq.com/articles/global-markets-world-shares-mixed-amid-hopes-for-business-pickup-oil-slips-2020-05-06,,"GLOBAL MARKETS-World shares mixed amid hopes for business pickup, oil slips",2020-05-06,same_trading_day,0,0.079520508646965,0.8787570595741272,0.0417224392294883,-0.7992365509271622,negative,0.6124,positive,False,True,False,2020,opposite_sign,,10,,,disagreement_enriched_diagnosis,"seed=5546; VADER positive versus FinBERT negative, or VADER negative versus FinBERT positive; disagreement-enriched, unweighted",pending student review,,,,
2020-03-02,DUK,Utilities,Is Duke Energy (DUK) Outperforming Other Utilities Stocks This Year?,http://www.zacks.com/stock/news/792823/is-duke-energy-duk-outperforming-other-utilities-stocks-this-year?cid=CS-BENZ-FT-tale_of_the_tape|yseop_template_1-792823,Zacks,Is Duke Energy (DUK) Outperforming Other Utilities Stocks This Year?,2020-03-02,same_trading_day,0,0.0948028117418289,0.7954401969909668,0.1097570061683654,-0.7006373852491379,negative,0.2732,positive,False,True,False,2020,opposite_sign,,10,,,disagreement_enriched_diagnosis,"seed=5546; VADER positive versus FinBERT negative, or VADER negative versus FinBERT positive; disagreement-enriched, unweighted",pending student review,,,,
2021-04-23,MS,Financials,Italy court annuls Mediaset shareholder vote excluding Vivendi trust,https://www.nasdaq.com/articles/italy-court-annuls-mediaset-shareholder-vote-excluding-vivendi-trust-2021-04-23,,Italy court annuls Mediaset shareholder vote excluding Vivendi trust,2021-04-23,same_trading_day,0,0.0276769269257783,0.6968181729316711,0.275504857301712,-0.6691412460058928,negative,0.5106,positive,False,True,False,2021,opposite_sign,,10,,,disagreement_enriched_diagnosis,"seed=5546; VADER positive versus FinBERT negative, or VADER negative versus FinBERT positive; disagreement-enriched, unweighted",pending student review,,,,
2023-10-18,GS,Financials,Morgan Stanley profit shrinks as deal slump lingers,https://www.nasdaq.com/articles/morgan-stanley-profit-shrinks-as-deal-slump-lingers,,Morgan Stanley profit shrinks as deal slump lingers,2023-10-18,same_trading_day,0,0.0087917111814022,0.971362292766571,0.0198460575193166,-0.9625705815851688,negative,0.4404,positive,False,True,False,2023,opposite_sign,,10,,,disagreement_enriched_diagnosis,"seed=5546; VADER positive versus FinBERT negative, or VADER negative versus FinBERT positive; disagreement-enriched, unweighted",pending student review,,,,
2020-06-11,MMM,Industrials,"Shares of several industrials companies are trading lower with the overall market as coronavirus cases increase in some US states that have reopened, leading to concerns of a second wave of the virus.",https://www.benzinga.com/wiim/20/06/16233326/shares-of-several-industrials-companies-are-trading-lower-with-the-overall-market-as-coronavirus-cas,Benzinga Newsdesk,"Shares of several industrials companies are trading lower with the overall market as coronavirus cases increase in some US states that have reopened, leading to concerns of a second wave of the virus.",2020-06-11,same_trading_day,0,0.0082135638222098,0.9732849597930908,0.0185014884918928,-0.965071395970881,negative,0.3182,positive,False,True,False,2020,opposite_sign,,10,,,disagreement_enriched_diagnosis,"seed=5546; VADER positive versus FinBERT negative, or VADER negative versus FinBERT positive; disagreement-enriched, unweighted",pending student review,,,,
2023-12-14,MRK,Healthcare,US FDA approves Astellas' combination therapy for bladder cancer,https://www.nasdaq.com/articles/us-fda-approves-astellas-combination-therapy-for-bladder-cancer,,US FDA approves Astellas' combination therapy for bladder cancer,2023-12-14,same_trading_day,0,0.8777974247932434,0.0107117807492613,0.1114908084273338,0.867085644043982,positive,-0.4019,negative,False,True,False,2023,opposite_sign,,10,,,disagreement_enriched_diagnosis,"seed=5546; VADER positive versus FinBERT negative, or VADER negative versus FinBERT positive; disagreement-enriched, unweighted",pending student review,,,,
2023-03-13,WFC,Financials,US STOCKS-Sliding bank shares drag Wall Street down in choppy trade,https://www.nasdaq.com/articles/us-stocks-sliding-bank-shares-drag-wall-street-down-in-choppy-trade,,US STOCKS-Sliding bank shares drag Wall Street down in choppy trade,2023-03-13,same_trading_day,0,0.0104920882731676,0.9612833261489868,0.0282246433198452,-0.9507912378758192,negative,0.0772,positive,False,True,False,2023,opposite_sign,,10,,,disagreement_enriched_diagnosis,"seed=5546; VADER positive versus FinBERT negative, or VADER negative versus FinBERT positive; disagreement-enriched, unweighted",pending student review,,,,
