temporal_fold,period_start_date,period_end_date,signal_method,monthly_decisions,signal_coverage_share,mean_effective_news_coverage,final_period_used_for_parameter_selection,summary_scope,sector,usable_sector_observations,usable_monthly_rank_ic_observations,mean_monthly_rank_ic,median_monthly_rank_ic,proportion_monthly_rank_ic_above_zero,sector_time_series_spearman
through_2021,2021-01-04,2021-12-31,exploratory_21d_coverage_adjusted_zscore,12,1.0,0.6637301587301588,False,overall,ALL,120,12.0,-0.10909090909090907,-0.07272727272727272,0.4166666666666667,
through_2021,2021-01-04,2021-12-31,exploratory_21d_coverage_adjusted_zscore,12,1.0,0.7293650793650794,False,sector,Comm,12,,,,,0.2657342657342658
through_2021,2021-01-04,2021-12-31,exploratory_21d_coverage_adjusted_zscore,12,1.0,0.9150793650793653,False,sector,Consumer,12,,,,,-0.09090909090909093
through_2021,2021-01-04,2021-12-31,exploratory_21d_coverage_adjusted_zscore,12,1.0,0.7555555555555555,False,sector,Energy,12,,,,,-0.5314685314685316
through_2021,2021-01-04,2021-12-31,exploratory_21d_coverage_adjusted_zscore,12,1.0,0.834920634920635,False,sector,Financials,12,,,,,0.27272727272727276
through_2021,2021-01-04,2021-12-31,exploratory_21d_coverage_adjusted_zscore,12,1.0,0.7539682539682541,False,sector,Healthcare,12,,,,,0.35664335664335667
through_2021,2021-01-04,2021-12-31,exploratory_21d_coverage_adjusted_zscore,12,1.0,0.6968253968253969,False,sector,Industrials,12,,,,,-0.5454545454545455
through_2021,2021-01-04,2021-12-31,exploratory_21d_coverage_adjusted_zscore,12,1.0,0.4206349206349207,False,sector,Materials,12,,,,,0.1398601398601399
through_2021,2021-01-04,2021-12-31,exploratory_21d_coverage_adjusted_zscore,12,1.0,0.38015873015873014,False,sector,RealEstate,12,,,,,0.1188811188811189
through_2021,2021-01-04,2021-12-31,exploratory_21d_coverage_adjusted_zscore,12,1.0,0.7420634920634921,False,sector,Tech,12,,,,,-0.055944055944055944
through_2021,2021-01-04,2021-12-31,exploratory_21d_coverage_adjusted_zscore,12,1.0,0.4087301587301588,False,sector,Utilities,12,,,,,-0.06993006993006995
through_2021,2021-01-04,2021-12-31,locked_prior_day_expanding_zscore,12,0.9916666666666667,0.6957983193277312,False,overall,ALL,119,12.0,-0.14356060606060603,-0.20606060606060606,0.3333333333333333,
through_2021,2021-01-04,2021-12-31,locked_prior_day_expanding_zscore,12,1.0,0.7166666666666667,False,sector,Comm,12,,,,,0.10489510489510491
through_2021,2021-01-04,2021-12-31,locked_prior_day_expanding_zscore,12,1.0,0.9333333333333335,False,sector,Consumer,12,,,,,-0.2937062937062937
through_2021,2021-01-04,2021-12-31,locked_prior_day_expanding_zscore,12,1.0,0.7666666666666667,False,sector,Energy,12,,,,,-0.5734265734265735
through_2021,2021-01-04,2021-12-31,locked_prior_day_expanding_zscore,12,1.0,0.7000000000000002,False,sector,Financials,12,,,,,0.0979020979020979
through_2021,2021-01-04,2021-12-31,locked_prior_day_expanding_zscore,12,1.0,0.8000000000000002,False,sector,Healthcare,12,,,,,0.18881118881118883
through_2021,2021-01-04,2021-12-31,locked_prior_day_expanding_zscore,12,1.0,0.7833333333333335,False,sector,Industrials,12,,,,,-0.23076923076923078
through_2021,2021-01-04,2021-12-31,locked_prior_day_expanding_zscore,12,0.9166666666666666,0.5090909090909093,False,sector,Materials,11,,,,,-0.5727272727272729
through_2021,2021-01-04,2021-12-31,locked_prior_day_expanding_zscore,12,1.0,0.5166666666666666,False,sector,RealEstate,12,,,,,0.1398601398601399
through_2021,2021-01-04,2021-12-31,locked_prior_day_expanding_zscore,12,1.0,0.8166666666666668,False,sector,Tech,12,,,,,0.5034965034965035
through_2021,2021-01-04,2021-12-31,locked_prior_day_expanding_zscore,12,1.0,0.4000000000000001,False,sector,Utilities,12,,,,,-0.34965034965034975
through_2022,2021-01-04,2022-12-30,exploratory_21d_coverage_adjusted_zscore,24,1.0,0.7325793650793652,False,overall,ALL,240,24.0,-0.08535353535353535,-0.012121212121212121,0.4166666666666667,
through_2022,2021-01-04,2022-12-30,exploratory_21d_coverage_adjusted_zscore,24,1.0,0.7547619047619047,False,sector,Comm,24,,,,,0.007826086956521738
through_2022,2021-01-04,2022-12-30,exploratory_21d_coverage_adjusted_zscore,24,1.0,0.9396825396825396,False,sector,Consumer,24,,,,,-0.19217391304347822
through_2022,2021-01-04,2022-12-30,exploratory_21d_coverage_adjusted_zscore,24,1.0,0.8273809523809526,False,sector,Energy,24,,,,,-0.02608695652173913
through_2022,2021-01-04,2022-12-30,exploratory_21d_coverage_adjusted_zscore,24,1.0,0.8619047619047618,False,sector,Financials,24,,,,,-0.03826086956521739
through_2022,2021-01-04,2022-12-30,exploratory_21d_coverage_adjusted_zscore,24,1.0,0.8150793650793652,False,sector,Healthcare,24,,,,,-0.3
through_2022,2021-01-04,2022-12-30,exploratory_21d_coverage_adjusted_zscore,24,1.0,0.7341269841269842,False,sector,Industrials,24,,,,,0.05913043478260869
through_2022,2021-01-04,2022-12-30,exploratory_21d_coverage_adjusted_zscore,24,1.0,0.4801587301587302,False,sector,Materials,24,,,,,-0.25478260869565217
through_2022,2021-01-04,2022-12-30,exploratory_21d_coverage_adjusted_zscore,24,1.0,0.5277777777777778,False,sector,RealEstate,24,,,,,0.050434782608695654
through_2022,2021-01-04,2022-12-30,exploratory_21d_coverage_adjusted_zscore,24,1.0,0.85,False,sector,Tech,24,,,,,-0.02608695652173913
through_2022,2021-01-04,2022-12-30,exploratory_21d_coverage_adjusted_zscore,24,1.0,0.5349206349206349,False,sector,Utilities,24,,,,,-0.2226086956521739
through_2022,2021-01-04,2022-12-30,locked_prior_day_expanding_zscore,24,0.9916666666666667,0.7403361344537815,False,overall,ALL,238,24.0,-0.06233165301961622,-0.03106060606060606,0.5,
through_2022,2021-01-04,2022-12-30,locked_prior_day_expanding_zscore,24,1.0,0.7166666666666668,False,sector,Comm,24,,,,,-0.09225416896903822
through_2022,2021-01-04,2022-12-30,locked_prior_day_expanding_zscore,24,1.0,0.9416666666666665,False,sector,Consumer,24,,,,,-0.2504347826086956
through_2022,2021-01-04,2022-12-30,locked_prior_day_expanding_zscore,24,1.0,0.8333333333333334,False,sector,Energy,24,,,,,-0.2835399066810734
through_2022,2021-01-04,2022-12-30,locked_prior_day_expanding_zscore,24,1.0,0.7833333333333332,False,sector,Financials,24,,,,,-0.10828441221409092
through_2022,2021-01-04,2022-12-30,locked_prior_day_expanding_zscore,24,1.0,0.8500000000000001,False,sector,Healthcare,24,,,,,-0.23739130434782607
through_2022,2021-01-04,2022-12-30,locked_prior_day_expanding_zscore,24,1.0,0.8250000000000001,False,sector,Industrials,24,,,,,-0.18869565217391301
through_2022,2021-01-04,2022-12-30,locked_prior_day_expanding_zscore,24,0.9583333333333334,0.4869565217391304,False,sector,Materials,23,,,,,-0.1432806324110672
through_2022,2021-01-04,2022-12-30,locked_prior_day_expanding_zscore,24,0.9583333333333334,0.5478260869565218,False,sector,RealEstate,23,,,,,0.06324110671936758
through_2022,2021-01-04,2022-12-30,locked_prior_day_expanding_zscore,24,1.0,0.875,False,sector,Tech,24,,,,,0.4782608695652173
through_2022,2021-01-04,2022-12-30,locked_prior_day_expanding_zscore,24,1.0,0.525,False,sector,Utilities,24,,,,,-0.18
through_2023,2021-01-04,2023-12-29,exploratory_21d_coverage_adjusted_zscore,36,1.0,0.7661640211640213,False,overall,ALL,360,36.0,-0.08619528619528619,-0.01818181818181818,0.4166666666666667,
through_2023,2021-01-04,2023-12-29,exploratory_21d_coverage_adjusted_zscore,36,1.0,0.7648148148148148,False,sector,Comm,36,,,,,-0.1958815958815959
through_2023,2021-01-04,2023-12-29,exploratory_21d_coverage_adjusted_zscore,36,1.0,0.95026455026455,False,sector,Consumer,36,,,,,-0.03655083655083655
through_2023,2021-01-04,2023-12-29,exploratory_21d_coverage_adjusted_zscore,36,1.0,0.8595238095238096,False,sector,Energy,36,,,,,-0.02059202059202059
through_2023,2021-01-04,2023-12-29,exploratory_21d_coverage_adjusted_zscore,36,1.0,0.8870370370370371,False,sector,Financials,36,,,,,-0.03886743886743887
through_2023,2021-01-04,2023-12-29,exploratory_21d_coverage_adjusted_zscore,36,1.0,0.8484126984126985,False,sector,Healthcare,36,,,,,-0.18867438867438868
through_2023,2021-01-04,2023-12-29,exploratory_21d_coverage_adjusted_zscore,36,1.0,0.7410052910052911,False,sector,Industrials,36,,,,,-0.06383526383526383
through_2023,2021-01-04,2023-12-29,exploratory_21d_coverage_adjusted_zscore,36,1.0,0.5370370370370371,False,sector,Materials,36,,,,,-0.18635778635778638
through_2023,2021-01-04,2023-12-29,exploratory_21d_coverage_adjusted_zscore,36,1.0,0.5841269841269843,False,sector,RealEstate,36,,,,,0.15495495495495495
through_2023,2021-01-04,2023-12-29,exploratory_21d_coverage_adjusted_zscore,36,1.0,0.8925925925925926,False,sector,Tech,36,,,,,0.02059202059202059
through_2023,2021-01-04,2023-12-29,exploratory_21d_coverage_adjusted_zscore,36,1.0,0.5968253968253969,False,sector,Utilities,36,,,,,-0.06975546975546977
through_2023,2021-01-04,2023-12-29,locked_prior_day_expanding_zscore,36,0.9944444444444445,0.7754189944134078,False,overall,ALL,358,36.0,-0.01865881245078792,-0.03106060606060606,0.5,
through_2023,2021-01-04,2023-12-29,locked_prior_day_expanding_zscore,36,1.0,0.738888888888889,False,sector,Comm,36,,,,,0.009268795363852292
through_2023,2021-01-04,2023-12-29,locked_prior_day_expanding_zscore,36,1.0,0.9499999999999998,False,sector,Consumer,36,,,,,-0.03088803088803089
through_2023,2021-01-04,2023-12-29,locked_prior_day_expanding_zscore,36,1.0,0.8555555555555556,False,sector,Energy,36,,,,,-0.027672308442654912
through_2023,2021-01-04,2023-12-29,locked_prior_day_expanding_zscore,36,1.0,0.8277777777777778,False,sector,Financials,36,,,,,-0.017375635533760064
through_2023,2021-01-04,2023-12-29,locked_prior_day_expanding_zscore,36,1.0,0.8777777777777778,False,sector,Healthcare,36,,,,,-0.2653796653796654
through_2023,2021-01-04,2023-12-29,locked_prior_day_expanding_zscore,36,1.0,0.8111111111111112,False,sector,Industrials,36,,,,,-0.1881595881595882
through_2023,2021-01-04,2023-12-29,locked_prior_day_expanding_zscore,36,0.9722222222222222,0.5485714285714287,False,sector,Materials,35,,,,,-0.21316526610644262
through_2023,2021-01-04,2023-12-29,locked_prior_day_expanding_zscore,36,0.9722222222222222,0.6342857142857145,False,sector,RealEstate,35,,,,,-0.04397759103641457
through_2023,2021-01-04,2023-12-29,locked_prior_day_expanding_zscore,36,1.0,0.9166666666666666,False,sector,Tech,36,,,,,0.25662805662805666
through_2023,2021-01-04,2023-12-29,locked_prior_day_expanding_zscore,36,1.0,0.5833333333333335,False,sector,Utilities,36,,,,,0.016473616473616476
