base_fund,tilted_fund,decision_date,sector,base_sector_weight,tilted_sector_weight,sector_weight_difference
equity_equal_weight,equity_sentiment_tilt,2020-12-31,Comm,0.1,0.10177082629816203,0.001770826298162026
equity_equal_weight,equity_sentiment_tilt,2020-12-31,Consumer,0.1,0.11622295253856663,0.01622295253856662
equity_equal_weight,equity_sentiment_tilt,2020-12-31,Energy,0.1,0.0931903048323999,-0.006809695167600105
equity_equal_weight,equity_sentiment_tilt,2020-12-31,Financials,0.1,0.09269307247740512,-0.007306927522594889
equity_equal_weight,equity_sentiment_tilt,2020-12-31,Healthcare,0.1,0.1101200019093442,0.0101200019093442
equity_equal_weight,equity_sentiment_tilt,2020-12-31,Industrials,0.1,0.09452475876654585,-0.005475241233454151
equity_equal_weight,equity_sentiment_tilt,2020-12-31,Materials,0.1,0.1103258779176758,0.010325877917675794
equity_equal_weight,equity_sentiment_tilt,2020-12-31,RealEstate,0.1,0.0911151387415956,-0.008884861258404403
equity_equal_weight,equity_sentiment_tilt,2020-12-31,Tech,0.1,0.10335106438910077,0.0033510643891007663
equity_equal_weight,equity_sentiment_tilt,2020-12-31,Utilities,0.1,0.08668600212920409,-0.013313997870795916
equity_equal_weight,equity_sentiment_tilt,2021-01-29,Comm,0.1,0.10931014660274808,0.009310146602748079
equity_equal_weight,equity_sentiment_tilt,2021-01-29,Consumer,0.1,0.10124839718211431,0.001248397182114308
equity_equal_weight,equity_sentiment_tilt,2021-01-29,Energy,0.1,0.1002433232907286,0.0002433232907285976
equity_equal_weight,equity_sentiment_tilt,2021-01-29,Financials,0.1,0.0959302647381499,-0.004069735261850102
equity_equal_weight,equity_sentiment_tilt,2021-01-29,Healthcare,0.1,0.10748850347626568,0.007488503476265673
equity_equal_weight,equity_sentiment_tilt,2021-01-29,Industrials,0.1,0.10121576503746169,0.0012157650374616802
equity_equal_weight,equity_sentiment_tilt,2021-01-29,Materials,0.1,0.1012814184322272,0.001281418432227191
equity_equal_weight,equity_sentiment_tilt,2021-01-29,RealEstate,0.1,0.09369135011716491,-0.006308649882835096
equity_equal_weight,equity_sentiment_tilt,2021-01-29,Tech,0.1,0.08338334121253071,-0.01661665878746929
equity_equal_weight,equity_sentiment_tilt,2021-01-29,Utilities,0.1,0.10620748991060908,0.006207489910609071
equity_equal_weight,equity_sentiment_tilt,2021-02-26,Comm,0.1,0.09279896801829349,-0.007201031981706518
equity_equal_weight,equity_sentiment_tilt,2021-02-26,Consumer,0.1,0.1028860469720459,0.0028860469720458914
equity_equal_weight,equity_sentiment_tilt,2021-02-26,Energy,0.1,0.10322047052162647,0.0032204705216264673
equity_equal_weight,equity_sentiment_tilt,2021-02-26,Financials,0.1,0.10644304802866214,0.006443048028662135
equity_equal_weight,equity_sentiment_tilt,2021-02-26,Healthcare,0.1,0.12015787683437688,0.02015787683437688
equity_equal_weight,equity_sentiment_tilt,2021-02-26,Industrials,0.1,0.10394174914308121,0.003941749143081208
equity_equal_weight,equity_sentiment_tilt,2021-02-26,Materials,0.1,0.09356258745214682,-0.006437412547853183
equity_equal_weight,equity_sentiment_tilt,2021-02-26,RealEstate,0.1,0.09699393343225607,-0.003006066567743937
equity_equal_weight,equity_sentiment_tilt,2021-02-26,Tech,0.1,0.09053330077723046,-0.009466699222769548
equity_equal_weight,equity_sentiment_tilt,2021-02-26,Utilities,0.1,0.08946201882028056,-0.01053798117971945
equity_equal_weight,equity_sentiment_tilt,2021-03-31,Comm,0.1,0.1035678899377657,0.003567889937765689
equity_equal_weight,equity_sentiment_tilt,2021-03-31,Consumer,0.1,0.09832871461101741,-0.0016712853889825907
equity_equal_weight,equity_sentiment_tilt,2021-03-31,Energy,0.1,0.11536536503676181,0.015365365036761808
equity_equal_weight,equity_sentiment_tilt,2021-03-31,Financials,0.1,0.09167696845477495,-0.008323031545225054
equity_equal_weight,equity_sentiment_tilt,2021-03-31,Healthcare,0.1,0.08434779558147766,-0.015652204418522345
equity_equal_weight,equity_sentiment_tilt,2021-03-31,Industrials,0.1,0.10738243638466755,0.00738243638466754
equity_equal_weight,equity_sentiment_tilt,2021-03-31,Materials,0.1,0.09789351623159691,-0.0021064837684030974
equity_equal_weight,equity_sentiment_tilt,2021-03-31,RealEstate,0.1,0.09891590990525813,-0.001084090094741877
equity_equal_weight,equity_sentiment_tilt,2021-03-31,Tech,0.1,0.11491144735411683,0.014911447354116827
equity_equal_weight,equity_sentiment_tilt,2021-03-31,Utilities,0.1,0.08760995650256302,-0.012390043497436984
equity_equal_weight,equity_sentiment_tilt,2021-04-30,Comm,0.1,0.10560421252119606,0.005604212521196056
equity_equal_weight,equity_sentiment_tilt,2021-04-30,Consumer,0.1,0.10054314453786005,0.0005431445378600436
equity_equal_weight,equity_sentiment_tilt,2021-04-30,Energy,0.1,0.1083961842508008,0.008396184250800798
equity_equal_weight,equity_sentiment_tilt,2021-04-30,Financials,0.1,0.10383705373974914,0.00383705373974913
equity_equal_weight,equity_sentiment_tilt,2021-04-30,Healthcare,0.1,0.10023404907473478,0.000234049074734774
equity_equal_weight,equity_sentiment_tilt,2021-04-30,Industrials,0.1,0.09211583827356146,-0.007884161726438549
equity_equal_weight,equity_sentiment_tilt,2021-04-30,Materials,0.1,0.09690748360706405,-0.003092516392935951
equity_equal_weight,equity_sentiment_tilt,2021-04-30,RealEstate,0.1,0.1011784061246873,0.0011784061246872951
equity_equal_weight,equity_sentiment_tilt,2021-04-30,Tech,0.1,0.10146302260737675,0.0014630226073767405
equity_equal_weight,equity_sentiment_tilt,2021-04-30,Utilities,0.1,0.08972060526296965,-0.01027939473703035
equity_equal_weight,equity_sentiment_tilt,2021-05-28,Comm,0.1,0.09904782525468635,-0.0009521747453136581
equity_equal_weight,equity_sentiment_tilt,2021-05-28,Consumer,0.1,0.11083175231670156,0.010831752316701554
equity_equal_weight,equity_sentiment_tilt,2021-05-28,Energy,0.1,0.09847425719204937,-0.0015257428079506336
equity_equal_weight,equity_sentiment_tilt,2021-05-28,Financials,0.1,0.08960886207119814,-0.010391137928801863
equity_equal_weight,equity_sentiment_tilt,2021-05-28,Healthcare,0.1,0.10171782685499937,0.0017178268549993686
equity_equal_weight,equity_sentiment_tilt,2021-05-28,Industrials,0.1,0.09639849302463552,-0.003601506975364488
equity_equal_weight,equity_sentiment_tilt,2021-05-28,Materials,0.1,0.10512196086880332,0.005121960868803316
equity_equal_weight,equity_sentiment_tilt,2021-05-28,RealEstate,0.1,0.08815175567103185,-0.011848244328968152
equity_equal_weight,equity_sentiment_tilt,2021-05-28,Tech,0.1,0.1046275342983013,0.004627534298301289
equity_equal_weight,equity_sentiment_tilt,2021-05-28,Utilities,0.1,0.10601973244759323,0.006019732447593226
equity_equal_weight,equity_sentiment_tilt,2021-06-30,Comm,0.1,0.10679421062872962,0.006794210628729619
equity_equal_weight,equity_sentiment_tilt,2021-06-30,Consumer,0.1,0.0828782602619521,-0.01712173973804791
equity_equal_weight,equity_sentiment_tilt,2021-06-30,Energy,0.1,0.11638662582884153,0.016386625828841525
equity_equal_weight,equity_sentiment_tilt,2021-06-30,Financials,0.1,0.0982604832725191,-0.0017395167274809054
equity_equal_weight,equity_sentiment_tilt,2021-06-30,Healthcare,0.1,0.09129515019471068,-0.008704849805289322
equity_equal_weight,equity_sentiment_tilt,2021-06-30,Industrials,0.1,0.10688397937985403,0.006883979379854022
equity_equal_weight,equity_sentiment_tilt,2021-06-30,Materials,0.1,0.09218213557625739,-0.007817864423742618
equity_equal_weight,equity_sentiment_tilt,2021-06-30,RealEstate,0.1,0.09093123656006452,-0.009068763439935484
equity_equal_weight,equity_sentiment_tilt,2021-06-30,Tech,0.1,0.11233798159247727,0.01233798159247726
equity_equal_weight,equity_sentiment_tilt,2021-06-30,Utilities,0.1,0.10204993670459393,0.002049936704593927
equity_equal_weight,equity_sentiment_tilt,2021-07-30,Comm,0.1,0.10072297012056639,0.0007229701205663797
equity_equal_weight,equity_sentiment_tilt,2021-07-30,Consumer,0.1,0.10726602735648778,0.007266027356487778
equity_equal_weight,equity_sentiment_tilt,2021-07-30,Energy,0.1,0.09618666997515452,-0.0038133300248454904
equity_equal_weight,equity_sentiment_tilt,2021-07-30,Financials,0.1,0.11297589299749719,0.012975892997497185
equity_equal_weight,equity_sentiment_tilt,2021-07-30,Healthcare,0.1,0.09455377824344342,-0.005446221756556582
equity_equal_weight,equity_sentiment_tilt,2021-07-30,Industrials,0.1,0.10364184576017321,0.003641845760173207
equity_equal_weight,equity_sentiment_tilt,2021-07-30,Materials,0.1,0.10640355778066884,0.006403557780668839
equity_equal_weight,equity_sentiment_tilt,2021-07-30,RealEstate,0.1,0.08472040592035487,-0.015279594079645131
equity_equal_weight,equity_sentiment_tilt,2021-07-30,Tech,0.1,0.09855746175255595,-0.0014425382474440585
equity_equal_weight,equity_sentiment_tilt,2021-07-30,Utilities,0.1,0.09497139009309788,-0.005028609906902126
equity_equal_weight,equity_sentiment_tilt,2021-08-31,Comm,0.1,0.10041122034416633,0.00041122034416632425
equity_equal_weight,equity_sentiment_tilt,2021-08-31,Consumer,0.1,0.10450258312662103,0.004502583126621024
equity_equal_weight,equity_sentiment_tilt,2021-08-31,Energy,0.1,0.08200361209372385,-0.017996387906276154
equity_equal_weight,equity_sentiment_tilt,2021-08-31,Financials,0.1,0.09779699370010597,-0.0022030062998940336
equity_equal_weight,equity_sentiment_tilt,2021-08-31,Healthcare,0.1,0.10721537606543702,0.0072153760654370125
equity_equal_weight,equity_sentiment_tilt,2021-08-31,Industrials,0.1,0.09498009293440726,-0.005019907065592744
equity_equal_weight,equity_sentiment_tilt,2021-08-31,Materials,0.1,0.10073640478166995,0.000736404781669947
equity_equal_weight,equity_sentiment_tilt,2021-08-31,RealEstate,0.1,0.09022893983113532,-0.009771060168864684
equity_equal_weight,equity_sentiment_tilt,2021-08-31,Tech,0.1,0.11458758592717258,0.014587585927172575
equity_equal_weight,equity_sentiment_tilt,2021-08-31,Utilities,0.1,0.1075371911955608,0.007537191195560788
equity_equal_weight,equity_sentiment_tilt,2021-09-30,Comm,0.1,0.08524911808580099,-0.014750881914199016
equity_equal_weight,equity_sentiment_tilt,2021-09-30,Consumer,0.1,0.11392742039876601,0.013927420398766002
equity_equal_weight,equity_sentiment_tilt,2021-09-30,Energy,0.1,0.09478825133413117,-0.0052117486658688345
equity_equal_weight,equity_sentiment_tilt,2021-09-30,Financials,0.1,0.09208684002417983,-0.007913159975820178
equity_equal_weight,equity_sentiment_tilt,2021-09-30,Healthcare,0.1,0.11065246623641561,0.010652466236415609
equity_equal_weight,equity_sentiment_tilt,2021-09-30,Industrials,0.1,0.10861804760406757,0.008618047604067564
equity_equal_weight,equity_sentiment_tilt,2021-09-30,Materials,0.1,0.09270444951089016,-0.007295550489109848
equity_equal_weight,equity_sentiment_tilt,2021-09-30,RealEstate,0.1,0.09286096945420938,-0.007139030545790626
equity_equal_weight,equity_sentiment_tilt,2021-09-30,Tech,0.1,0.10618882926342105,0.006188829263421042
equity_equal_weight,equity_sentiment_tilt,2021-09-30,Utilities,0.1,0.10292360808811815,0.002923608088118146
equity_equal_weight,equity_sentiment_tilt,2021-10-29,Comm,0.1,0.0995712964254965,-0.0004287035745035028
equity_equal_weight,equity_sentiment_tilt,2021-10-29,Consumer,0.1,0.08821205496970526,-0.011787945030294747
equity_equal_weight,equity_sentiment_tilt,2021-10-29,Energy,0.1,0.10130366549876514,0.0013036654987651358
equity_equal_weight,equity_sentiment_tilt,2021-10-29,Financials,0.1,0.11213620629887638,0.012136206298876379
equity_equal_weight,equity_sentiment_tilt,2021-10-29,Healthcare,0.1,0.09925117183500337,-0.0007488281649966344
equity_equal_weight,equity_sentiment_tilt,2021-10-29,Industrials,0.1,0.10706869046269676,0.007068690462696758
equity_equal_weight,equity_sentiment_tilt,2021-10-29,Materials,0.1,0.09556880513495165,-0.004431194865048352
equity_equal_weight,equity_sentiment_tilt,2021-10-29,RealEstate,0.1,0.10329905628201823,0.003299056282018223
equity_equal_weight,equity_sentiment_tilt,2021-10-29,Tech,0.1,0.11075050010493395,0.010750500104933947
equity_equal_weight,equity_sentiment_tilt,2021-10-29,Utilities,0.1,0.0828385529875528,-0.017161447012447206
equity_equal_weight,equity_sentiment_tilt,2021-11-30,Comm,0.1,0.08509424852165581,-0.014905751478344192
equity_equal_weight,equity_sentiment_tilt,2021-11-30,Consumer,0.1,0.09837142218450252,-0.0016285778154974812
equity_equal_weight,equity_sentiment_tilt,2021-11-30,Energy,0.1,0.09378331307918263,-0.00621668692081738
equity_equal_weight,equity_sentiment_tilt,2021-11-30,Financials,0.1,0.09865469036928033,-0.0013453096307196738
equity_equal_weight,equity_sentiment_tilt,2021-11-30,Healthcare,0.1,0.10657430907289792,0.00657430907289791
equity_equal_weight,equity_sentiment_tilt,2021-11-30,Industrials,0.1,0.09954086422276463,-0.0004591357772353727
equity_equal_weight,equity_sentiment_tilt,2021-11-30,Materials,0.1,0.09954413878191459,-0.0004558612180854127
equity_equal_weight,equity_sentiment_tilt,2021-11-30,RealEstate,0.1,0.10232071121119976,0.002320711211199755
equity_equal_weight,equity_sentiment_tilt,2021-11-30,Tech,0.1,0.10695836595134739,0.006958365951347384
equity_equal_weight,equity_sentiment_tilt,2021-11-30,Utilities,0.1,0.10915793660525433,0.009157936605254324
equity_equal_weight,equity_sentiment_tilt,2021-12-31,Comm,0.1,0.09969583365543667,-0.0003041663445633308
equity_equal_weight,equity_sentiment_tilt,2021-12-31,Consumer,0.1,0.09265981804576823,-0.007340181954231778
equity_equal_weight,equity_sentiment_tilt,2021-12-31,Energy,0.1,0.09162356241613724,-0.008376437583862764
equity_equal_weight,equity_sentiment_tilt,2021-12-31,Financials,0.1,0.11510625497844978,0.015106254978449779
equity_equal_weight,equity_sentiment_tilt,2021-12-31,Healthcare,0.1,0.09949003237658952,-0.00050996762341049
equity_equal_weight,equity_sentiment_tilt,2021-12-31,Industrials,0.1,0.0963081458566807,-0.003691854143319309
equity_equal_weight,equity_sentiment_tilt,2021-12-31,Materials,0.1,0.09608054407413244,-0.003919455925867565
equity_equal_weight,equity_sentiment_tilt,2021-12-31,RealEstate,0.1,0.10207312674948184,0.0020731267494818323
equity_equal_weight,equity_sentiment_tilt,2021-12-31,Tech,0.1,0.09874997609726695,-0.0012500239027330579
equity_equal_weight,equity_sentiment_tilt,2021-12-31,Utilities,0.1,0.10821270575005676,0.008212705750056754
equity_equal_weight,equity_sentiment_tilt,2022-01-31,Comm,0.1,0.08247129625032873,-0.017528703749671276
equity_equal_weight,equity_sentiment_tilt,2022-01-31,Consumer,0.1,0.09067782986280612,-0.009322170137193886
equity_equal_weight,equity_sentiment_tilt,2022-01-31,Energy,0.1,0.1104225928023665,0.010422592802366501
equity_equal_weight,equity_sentiment_tilt,2022-01-31,Financials,0.1,0.10333890427909673,0.0033389042790967216
equity_equal_weight,equity_sentiment_tilt,2022-01-31,Healthcare,0.1,0.10191893344327413,0.0019189334432741234
equity_equal_weight,equity_sentiment_tilt,2022-01-31,Industrials,0.1,0.10536324801150482,0.005363248011504812
equity_equal_weight,equity_sentiment_tilt,2022-01-31,Materials,0.1,0.09643895198148615,-0.0035610480185138543
equity_equal_weight,equity_sentiment_tilt,2022-01-31,RealEstate,0.1,0.09680231860770423,-0.003197681392295773
equity_equal_weight,equity_sentiment_tilt,2022-01-31,Tech,0.1,0.10740832356072898,0.007408323560728972
equity_equal_weight,equity_sentiment_tilt,2022-01-31,Utilities,0.1,0.10515760120070355,0.005157601200703549
equity_equal_weight,equity_sentiment_tilt,2022-02-28,Comm,0.1,0.1048711392799271,0.004871139279927092
equity_equal_weight,equity_sentiment_tilt,2022-02-28,Consumer,0.1,0.10355333391427286,0.0035533339142728576
equity_equal_weight,equity_sentiment_tilt,2022-02-28,Energy,0.1,0.10630520910139349,0.006305209101393483
equity_equal_weight,equity_sentiment_tilt,2022-02-28,Financials,0.1,0.09694176950110107,-0.003058230498898931
equity_equal_weight,equity_sentiment_tilt,2022-02-28,Healthcare,0.1,0.09272063947685623,-0.007279360523143777
equity_equal_weight,equity_sentiment_tilt,2022-02-28,Industrials,0.1,0.09961548297809592,-0.00038451702190409054
equity_equal_weight,equity_sentiment_tilt,2022-02-28,Materials,0.1,0.0985528178670899,-0.0014471821329101048
equity_equal_weight,equity_sentiment_tilt,2022-02-28,RealEstate,0.1,0.10340326015080395,0.003403260150803944
equity_equal_weight,equity_sentiment_tilt,2022-02-28,Tech,0.1,0.0905657400853229,-0.009434259914677112
equity_equal_weight,equity_sentiment_tilt,2022-02-28,Utilities,0.1,0.1034706076451365,0.0034706076451365003
equity_equal_weight,equity_sentiment_tilt,2022-03-31,Comm,0.1,0.09246761426089187,-0.007532385739108138
equity_equal_weight,equity_sentiment_tilt,2022-03-31,Consumer,0.1,0.09709659943335888,-0.0029034005666411233
equity_equal_weight,equity_sentiment_tilt,2022-03-31,Energy,0.1,0.11109292365172815,0.011092923651728148
equity_equal_weight,equity_sentiment_tilt,2022-03-31,Financials,0.1,0.09477998698719617,-0.005220013012803837
equity_equal_weight,equity_sentiment_tilt,2022-03-31,Healthcare,0.1,0.08759726661262066,-0.01240273338737935
equity_equal_weight,equity_sentiment_tilt,2022-03-31,Industrials,0.1,0.11109292365172815,0.011092923651728148
equity_equal_weight,equity_sentiment_tilt,2022-03-31,Materials,0.1,0.09353082899903191,-0.006469171000968096
equity_equal_weight,equity_sentiment_tilt,2022-03-31,RealEstate,0.1,0.10673747816170608,0.00673747816170607
equity_equal_weight,equity_sentiment_tilt,2022-03-31,Tech,0.1,0.09451145459000977,-0.005488545409990234
equity_equal_weight,equity_sentiment_tilt,2022-03-31,Utilities,0.1,0.11109292365172815,0.011092923651728148
equity_equal_weight,equity_sentiment_tilt,2022-04-29,Comm,0.1,0.09487846993287932,-0.005121530067120683
equity_equal_weight,equity_sentiment_tilt,2022-04-29,Consumer,0.1,0.10899769160391197,0.008997691603911964
equity_equal_weight,equity_sentiment_tilt,2022-04-29,Energy,0.1,0.11332623487779672,0.013326234877796717
equity_equal_weight,equity_sentiment_tilt,2022-04-29,Financials,0.1,0.0910152985068082,-0.008984701493191805
equity_equal_weight,equity_sentiment_tilt,2022-04-29,Healthcare,0.1,0.10008401309059795,8.401309059793971e-05
equity_equal_weight,equity_sentiment_tilt,2022-04-29,Industrials,0.1,0.09627895634681732,-0.003721043653182682
equity_equal_weight,equity_sentiment_tilt,2022-04-29,Materials,0.1,0.09248288689180927,-0.00751711310819074
equity_equal_weight,equity_sentiment_tilt,2022-04-29,RealEstate,0.1,0.11284086220318823,0.012840862203188225
equity_equal_weight,equity_sentiment_tilt,2022-04-29,Tech,0.1,0.09328052814653284,-0.006719471853467163
equity_equal_weight,equity_sentiment_tilt,2022-04-29,Utilities,0.1,0.09681505839965825,-0.003184941600341759
equity_equal_weight,equity_sentiment_tilt,2022-05-31,Comm,0.1,0.10068454077429566,0.0006845407742956527
equity_equal_weight,equity_sentiment_tilt,2022-05-31,Consumer,0.1,0.10253026112202202,0.0025302611220220095
equity_equal_weight,equity_sentiment_tilt,2022-05-31,Energy,0.1,0.1135544174742526,0.013554417474252595
equity_equal_weight,equity_sentiment_tilt,2022-05-31,Financials,0.1,0.10232480734712654,0.002324807347126534
equity_equal_weight,equity_sentiment_tilt,2022-05-31,Healthcare,0.1,0.08950359311571073,-0.01049640688428928
equity_equal_weight,equity_sentiment_tilt,2022-05-31,Industrials,0.1,0.10374827459170985,0.0037482745917098437
equity_equal_weight,equity_sentiment_tilt,2022-05-31,Materials,0.1,0.08214872066484759,-0.017851279335152417
equity_equal_weight,equity_sentiment_tilt,2022-05-31,RealEstate,0.1,0.10206620801551185,0.0020662080155118417
equity_equal_weight,equity_sentiment_tilt,2022-05-31,Tech,0.1,0.09102667652396673,-0.008973323476033274
equity_equal_weight,equity_sentiment_tilt,2022-05-31,Utilities,0.1,0.1124125003705565,0.012412500370556495
equity_equal_weight,equity_sentiment_tilt,2022-06-30,Comm,0.1,0.09104591920696585,-0.008954080793034155
equity_equal_weight,equity_sentiment_tilt,2022-06-30,Consumer,0.1,0.08874791820454275,-0.011252081795457253
equity_equal_weight,equity_sentiment_tilt,2022-06-30,Energy,0.1,0.10828795931342147,0.008287959313421467
equity_equal_weight,equity_sentiment_tilt,2022-06-30,Financials,0.1,0.09527106826294957,-0.00472893173705044
equity_equal_weight,equity_sentiment_tilt,2022-06-30,Healthcare,0.1,0.11435639383068588,0.014356393830685876
equity_equal_weight,equity_sentiment_tilt,2022-06-30,Industrials,0.1,0.10406642361539827,0.00406642361539826
equity_equal_weight,equity_sentiment_tilt,2022-06-30,Materials,0.1,0.09716926558774568,-0.0028307344122543293
equity_equal_weight,equity_sentiment_tilt,2022-06-30,RealEstate,0.1,0.1011212072472363,0.0011212072472363
equity_equal_weight,equity_sentiment_tilt,2022-06-30,Tech,0.1,0.10176542320826992,0.0017654232082699173
equity_equal_weight,equity_sentiment_tilt,2022-06-30,Utilities,0.1,0.09816842152278432,-0.001831578477215684
equity_equal_weight,equity_sentiment_tilt,2022-07-29,Comm,0.1,0.09887730737439046,-0.0011226926256095449
equity_equal_weight,equity_sentiment_tilt,2022-07-29,Consumer,0.1,0.09162215116942699,-0.00837784883057302
equity_equal_weight,equity_sentiment_tilt,2022-07-29,Energy,0.1,0.10574749125717632,0.005747491257176315
equity_equal_weight,equity_sentiment_tilt,2022-07-29,Financials,0.1,0.09343127435874063,-0.006568725641259376
equity_equal_weight,equity_sentiment_tilt,2022-07-29,Healthcare,0.1,0.10560347637779194,0.005603476377791933
equity_equal_weight,equity_sentiment_tilt,2022-07-29,Industrials,0.1,0.10078811649147813,0.0007881164914781275
equity_equal_weight,equity_sentiment_tilt,2022-07-29,Materials,0.1,0.10712293978282299,0.007122939782822982
equity_equal_weight,equity_sentiment_tilt,2022-07-29,RealEstate,0.1,0.09885245292366736,-0.0011475470763326473
equity_equal_weight,equity_sentiment_tilt,2022-07-29,Tech,0.1,0.09609776947357429,-0.003902230526425715
equity_equal_weight,equity_sentiment_tilt,2022-07-29,Utilities,0.1,0.1018570207909309,0.0018570207909308911
equity_equal_weight,equity_sentiment_tilt,2022-08-31,Comm,0.1,0.08256046694119917,-0.017439533058800832
equity_equal_weight,equity_sentiment_tilt,2022-08-31,Consumer,0.1,0.10854333597321286,0.008543335973212857
equity_equal_weight,equity_sentiment_tilt,2022-08-31,Energy,0.1,0.1018995287359476,0.001899528735947592
equity_equal_weight,equity_sentiment_tilt,2022-08-31,Financials,0.1,0.09206681882143439,-0.007933181178565618
equity_equal_weight,equity_sentiment_tilt,2022-08-31,Healthcare,0.1,0.09698872548781612,-0.003011274512183887
equity_equal_weight,equity_sentiment_tilt,2022-08-31,Industrials,0.1,0.1098997227749429,0.009899722774942901
equity_equal_weight,equity_sentiment_tilt,2022-08-31,Materials,0.1,0.09892765036602302,-0.0010723496339769822
equity_equal_weight,equity_sentiment_tilt,2022-08-31,RealEstate,0.1,0.11190217371492353,0.011902173714923525
equity_equal_weight,equity_sentiment_tilt,2022-08-31,Tech,0.1,0.10268572492388668,0.002685724923886676
equity_equal_weight,equity_sentiment_tilt,2022-08-31,Utilities,0.1,0.09452585226061364,-0.00547414773938637
equity_equal_weight,equity_sentiment_tilt,2022-09-30,Comm,0.1,0.09714298533306283,-0.002857014666937177
equity_equal_weight,equity_sentiment_tilt,2022-09-30,Consumer,0.1,0.10226816264387277,0.002268162643872765
equity_equal_weight,equity_sentiment_tilt,2022-09-30,Energy,0.1,0.1055311709688516,0.005531170968851598
equity_equal_weight,equity_sentiment_tilt,2022-09-30,Financials,0.1,0.09972881625830946,-0.0002711837416905505
equity_equal_weight,equity_sentiment_tilt,2022-09-30,Healthcare,0.1,0.10648535680580365,0.006485356805803644
equity_equal_weight,equity_sentiment_tilt,2022-09-30,Industrials,0.1,0.09574390139315347,-0.004256098606846531
equity_equal_weight,equity_sentiment_tilt,2022-09-30,Materials,0.1,0.09309240230737909,-0.00690759769262092
equity_equal_weight,equity_sentiment_tilt,2022-09-30,RealEstate,0.1,0.09209565327301743,-0.007904346726982578
equity_equal_weight,equity_sentiment_tilt,2022-09-30,Tech,0.1,0.09717308572472269,-0.0028269142752773146
equity_equal_weight,equity_sentiment_tilt,2022-09-30,Utilities,0.1,0.11073846529182703,0.010738465291827023
equity_equal_weight,equity_sentiment_tilt,2022-10-31,Comm,0.1,0.10525876651922354,0.005258766519223537
equity_equal_weight,equity_sentiment_tilt,2022-10-31,Consumer,0.1,0.09575067187800741,-0.004249328121992593
equity_equal_weight,equity_sentiment_tilt,2022-10-31,Energy,0.1,0.10409917916001404,0.004099179160014038
equity_equal_weight,equity_sentiment_tilt,2022-10-31,Financials,0.1,0.09636480200330139,-0.003635197996698619
equity_equal_weight,equity_sentiment_tilt,2022-10-31,Healthcare,0.1,0.09443859293799024,-0.005561407062009763
equity_equal_weight,equity_sentiment_tilt,2022-10-31,Industrials,0.1,0.1106894689629696,0.0106894689629696
equity_equal_weight,equity_sentiment_tilt,2022-10-31,Materials,0.1,0.09602334559185667,-0.003976654408143335
equity_equal_weight,equity_sentiment_tilt,2022-10-31,RealEstate,0.1,0.09489092915840411,-0.005109070841595897
equity_equal_weight,equity_sentiment_tilt,2022-10-31,Tech,0.1,0.10009673184675721,9.67318467572087e-05
equity_equal_weight,equity_sentiment_tilt,2022-10-31,Utilities,0.1,0.1023875119414757,0.002387511941475698
equity_equal_weight,equity_sentiment_tilt,2022-11-30,Comm,0.1,0.1119787507077896,0.011978750707789601
equity_equal_weight,equity_sentiment_tilt,2022-11-30,Consumer,0.1,0.10300029193589874,0.0030002919358987357
equity_equal_weight,equity_sentiment_tilt,2022-11-30,Energy,0.1,0.09292925605191697,-0.007070743948083033
equity_equal_weight,equity_sentiment_tilt,2022-11-30,Financials,0.1,0.11789218297675626,0.017892182976756252
equity_equal_weight,equity_sentiment_tilt,2022-11-30,Healthcare,0.1,0.10431559322894432,0.004315593228944314
equity_equal_weight,equity_sentiment_tilt,2022-11-30,Industrials,0.1,0.10208295618811511,0.0020829561881151037
equity_equal_weight,equity_sentiment_tilt,2022-11-30,Materials,0.1,0.0917026680318444,-0.008297331968155602
equity_equal_weight,equity_sentiment_tilt,2022-11-30,RealEstate,0.1,0.09824348581396355,-0.0017565141860364508
equity_equal_weight,equity_sentiment_tilt,2022-11-30,Tech,0.1,0.08064466649103035,-0.01935533350896966
equity_equal_weight,equity_sentiment_tilt,2022-11-30,Utilities,0.1,0.09721014857374073,-0.002789851426259274
equity_equal_weight,equity_sentiment_tilt,2022-12-30,Comm,0.1,0.0934214705958962,-0.006578529404103806
equity_equal_weight,equity_sentiment_tilt,2022-12-30,Consumer,0.1,0.10893106704035267,0.008931067040352667
equity_equal_weight,equity_sentiment_tilt,2022-12-30,Energy,0.1,0.09647718868536098,-0.003522811314639024
equity_equal_weight,equity_sentiment_tilt,2022-12-30,Financials,0.1,0.09787787197790032,-0.002122128022099684
equity_equal_weight,equity_sentiment_tilt,2022-12-30,Healthcare,0.1,0.10489246530617657,0.004892465306176569
equity_equal_weight,equity_sentiment_tilt,2022-12-30,Industrials,0.1,0.09893466944724608,-0.0010653305527539292
equity_equal_weight,equity_sentiment_tilt,2022-12-30,Materials,0.1,0.099648931717263,-0.0003510682827370104
equity_equal_weight,equity_sentiment_tilt,2022-12-30,RealEstate,0.1,0.10040292317740968,0.00040292317740966976
equity_equal_weight,equity_sentiment_tilt,2022-12-30,Tech,0.1,0.1076512577985492,0.007651257798549194
equity_equal_weight,equity_sentiment_tilt,2022-12-30,Utilities,0.1,0.09176215425384528,-0.008237845746154729
equity_equal_weight,equity_sentiment_tilt,2023-01-31,Comm,0.1,0.10051872367298827,0.000518723672988261
equity_equal_weight,equity_sentiment_tilt,2023-01-31,Consumer,0.1,0.08951920096728856,-0.010480799032711444
equity_equal_weight,equity_sentiment_tilt,2023-01-31,Energy,0.1,0.10240528931965956,0.0024052893196595537
equity_equal_weight,equity_sentiment_tilt,2023-01-31,Financials,0.1,0.10488522830981167,0.004885228309811668
equity_equal_weight,equity_sentiment_tilt,2023-01-31,Healthcare,0.1,0.10281570136022876,0.0028157013602287534
equity_equal_weight,equity_sentiment_tilt,2023-01-31,Industrials,0.1,0.0904234025490591,-0.009576597450940902
equity_equal_weight,equity_sentiment_tilt,2023-01-31,Materials,0.1,0.10976047265763489,0.009760472657634883
equity_equal_weight,equity_sentiment_tilt,2023-01-31,RealEstate,0.1,0.10618338152800436,0.00618338152800435
equity_equal_weight,equity_sentiment_tilt,2023-01-31,Tech,0.1,0.09708540335358008,-0.002914596646419923
equity_equal_weight,equity_sentiment_tilt,2023-01-31,Utilities,0.1,0.09640319628174478,-0.0035968037182552287
equity_equal_weight,equity_sentiment_tilt,2023-02-28,Comm,0.1,0.10435062715618953,0.004350627156189529
equity_equal_weight,equity_sentiment_tilt,2023-02-28,Consumer,0.1,0.09814018090135297,-0.0018598190986470337
equity_equal_weight,equity_sentiment_tilt,2023-02-28,Energy,0.1,0.0906992392387808,-0.009300760761219204
equity_equal_weight,equity_sentiment_tilt,2023-02-28,Financials,0.1,0.09143996919244296,-0.008560030807557045
equity_equal_weight,equity_sentiment_tilt,2023-02-28,Healthcare,0.1,0.0989775788552453,-0.0010224211447547038
equity_equal_weight,equity_sentiment_tilt,2023-02-28,Industrials,0.1,0.1000268002363971,2.6800236397089838e-05
equity_equal_weight,equity_sentiment_tilt,2023-02-28,Materials,0.1,0.11613140339173371,0.016131403391733704
equity_equal_weight,equity_sentiment_tilt,2023-02-28,RealEstate,0.1,0.09932182920549085,-0.0006781707945091586
equity_equal_weight,equity_sentiment_tilt,2023-02-28,Tech,0.1,0.10031765751362538,0.0003176575136253773
equity_equal_weight,equity_sentiment_tilt,2023-02-28,Utilities,0.1,0.10059471430874134,0.0005947143087413342
equity_equal_weight,equity_sentiment_tilt,2023-03-31,Comm,0.1,0.10433023227727399,0.004330232277273985
equity_equal_weight,equity_sentiment_tilt,2023-03-31,Consumer,0.1,0.09755911807589493,-0.002440881924105076
equity_equal_weight,equity_sentiment_tilt,2023-03-31,Energy,0.1,0.09358054206456862,-0.0064194579354313885
equity_equal_weight,equity_sentiment_tilt,2023-03-31,Financials,0.1,0.10845373818964417,0.008453738189644164
equity_equal_weight,equity_sentiment_tilt,2023-03-31,Healthcare,0.1,0.08754471018243164,-0.012455289817568369
equity_equal_weight,equity_sentiment_tilt,2023-03-31,Industrials,0.1,0.11444755732761493,0.014447557327614921
equity_equal_weight,equity_sentiment_tilt,2023-03-31,Materials,0.1,0.10074351848813162,0.000743518488131617
equity_equal_weight,equity_sentiment_tilt,2023-03-31,RealEstate,0.1,0.09528112028024803,-0.0047188797197519755
equity_equal_weight,equity_sentiment_tilt,2023-03-31,Tech,0.1,0.10042873823098647,0.000428738230986464
equity_equal_weight,equity_sentiment_tilt,2023-03-31,Utilities,0.1,0.09763072488320565,-0.002369275116794356
equity_equal_weight,equity_sentiment_tilt,2023-04-28,Comm,0.1,0.09899144161229553,-0.0010085583877044724
equity_equal_weight,equity_sentiment_tilt,2023-04-28,Consumer,0.1,0.0911041256825673,-0.008895874317432703
equity_equal_weight,equity_sentiment_tilt,2023-04-28,Energy,0.1,0.10111046472013595,0.0011104647201359424
equity_equal_weight,equity_sentiment_tilt,2023-04-28,Financials,0.1,0.11581458915060024,0.01581458915060023
equity_equal_weight,equity_sentiment_tilt,2023-04-28,Healthcare,0.1,0.1009791066327074,0.0009791066327073938
equity_equal_weight,equity_sentiment_tilt,2023-04-28,Industrials,0.1,0.0969267261517498,-0.0030732738482502076
equity_equal_weight,equity_sentiment_tilt,2023-04-28,Materials,0.1,0.0999461877733348,-5.38122266652008e-05
equity_equal_weight,equity_sentiment_tilt,2023-04-28,RealEstate,0.1,0.09595716603102447,-0.004042833968975534
equity_equal_weight,equity_sentiment_tilt,2023-04-28,Tech,0.1,0.09930346636835718,-0.0006965336316428206
equity_equal_weight,equity_sentiment_tilt,2023-04-28,Utilities,0.1,0.09986672587722731,-0.00013327412277269746
equity_equal_weight,equity_sentiment_tilt,2023-05-31,Comm,0.1,0.09174180328706741,-0.008258196712932597
equity_equal_weight,equity_sentiment_tilt,2023-05-31,Consumer,0.1,0.0999598946149092,-4.010538509080508e-05
equity_equal_weight,equity_sentiment_tilt,2023-05-31,Energy,0.1,0.10118909062388487,0.0011890906238848642
equity_equal_weight,equity_sentiment_tilt,2023-05-31,Financials,0.1,0.09152289036595124,-0.008477109634048768
equity_equal_weight,equity_sentiment_tilt,2023-05-31,Healthcare,0.1,0.11405899090763331,0.01405899090763331
equity_equal_weight,equity_sentiment_tilt,2023-05-31,Industrials,0.1,0.09765736738764247,-0.002342632612357537
equity_equal_weight,equity_sentiment_tilt,2023-05-31,Materials,0.1,0.10825600770342862,0.008256007703428617
equity_equal_weight,equity_sentiment_tilt,2023-05-31,RealEstate,0.1,0.10107081005896724,0.0010708100589672392
equity_equal_weight,equity_sentiment_tilt,2023-05-31,Tech,0.1,0.09949466411673276,-0.0005053358832672467
equity_equal_weight,equity_sentiment_tilt,2023-05-31,Utilities,0.1,0.09504848093378289,-0.004951519066217117
equity_equal_weight,equity_sentiment_tilt,2023-06-30,Comm,0.1,0.09737280093168037,-0.0026271990683196383
equity_equal_weight,equity_sentiment_tilt,2023-06-30,Consumer,0.1,0.08935196921525018,-0.010648030784749823
equity_equal_weight,equity_sentiment_tilt,2023-06-30,Energy,0.1,0.09906930541666942,-0.000930694583330588
equity_equal_weight,equity_sentiment_tilt,2023-06-30,Financials,0.1,0.09836355472465808,-0.00163644527534193
equity_equal_weight,equity_sentiment_tilt,2023-06-30,Healthcare,0.1,0.11251418494018917,0.01251418494018916
equity_equal_weight,equity_sentiment_tilt,2023-06-30,Industrials,0.1,0.09720303756996809,-0.002796962430031913
equity_equal_weight,equity_sentiment_tilt,2023-06-30,Materials,0.1,0.09720092842520357,-0.002799071574796433
equity_equal_weight,equity_sentiment_tilt,2023-06-30,RealEstate,0.1,0.10776471311555366,0.007764713115553656
equity_equal_weight,equity_sentiment_tilt,2023-06-30,Tech,0.1,0.09828299471350317,-0.0017170052864968338
equity_equal_weight,equity_sentiment_tilt,2023-06-30,Utilities,0.1,0.10287651094732438,0.0028765109473243705
equity_equal_weight,equity_sentiment_tilt,2023-07-31,Comm,0.1,0.10480986285139075,0.004809862851390748
equity_equal_weight,equity_sentiment_tilt,2023-07-31,Consumer,0.1,0.09729997569251489,-0.002700024307485116
equity_equal_weight,equity_sentiment_tilt,2023-07-31,Energy,0.1,0.11307959578233107,0.01307959578233106
equity_equal_weight,equity_sentiment_tilt,2023-07-31,Financials,0.1,0.09604437922788976,-0.003955620772110244
equity_equal_weight,equity_sentiment_tilt,2023-07-31,Healthcare,0.1,0.0868751295331936,-0.01312487046680641
equity_equal_weight,equity_sentiment_tilt,2023-07-31,Industrials,0.1,0.08815313383134628,-0.011846866168653727
equity_equal_weight,equity_sentiment_tilt,2023-07-31,Materials,0.1,0.11029672069843377,0.010296720698433764
equity_equal_weight,equity_sentiment_tilt,2023-07-31,RealEstate,0.1,0.1037857776365679,0.0037857776365678997
equity_equal_weight,equity_sentiment_tilt,2023-07-31,Tech,0.1,0.11068995826801334,0.010689958268013333
equity_equal_weight,equity_sentiment_tilt,2023-07-31,Utilities,0.1,0.08896546647831868,-0.011034533521681322
equity_equal_weight,equity_sentiment_tilt,2023-08-31,Comm,0.1,0.09818995451979362,-0.0018100454802063848
equity_equal_weight,equity_sentiment_tilt,2023-08-31,Consumer,0.1,0.09799599199381197,-0.0020040080061880378
equity_equal_weight,equity_sentiment_tilt,2023-08-31,Energy,0.1,0.10299009436777218,0.0029900943677721725
equity_equal_weight,equity_sentiment_tilt,2023-08-31,Financials,0.1,0.09589796688740078,-0.0041020331125992265
equity_equal_weight,equity_sentiment_tilt,2023-08-31,Healthcare,0.1,0.0950050060742304,-0.004994993925769603
equity_equal_weight,equity_sentiment_tilt,2023-08-31,Industrials,0.1,0.09694287645160526,-0.003057123548394741
equity_equal_weight,equity_sentiment_tilt,2023-08-31,Materials,0.1,0.11450494586703666,0.014504945867036656
equity_equal_weight,equity_sentiment_tilt,2023-08-31,RealEstate,0.1,0.10066146200352456,0.0006614620035245572
equity_equal_weight,equity_sentiment_tilt,2023-08-31,Tech,0.1,0.09934884091190894,-0.0006511590880910606
equity_equal_weight,equity_sentiment_tilt,2023-08-31,Utilities,0.1,0.09846286092291558,-0.001537139077084429
equity_equal_weight,equity_sentiment_tilt,2023-09-29,Comm,0.1,0.0986039448855682,-0.0013960551144318045
equity_equal_weight,equity_sentiment_tilt,2023-09-29,Consumer,0.1,0.09936442443042046,-0.0006355755695795495
equity_equal_weight,equity_sentiment_tilt,2023-09-29,Energy,0.1,0.10054219391195557,0.000542193911955563
equity_equal_weight,equity_sentiment_tilt,2023-09-29,Financials,0.1,0.1031706816481529,0.003170681648152901
equity_equal_weight,equity_sentiment_tilt,2023-09-29,Healthcare,0.1,0.09928948694573113,-0.000710513054268877
equity_equal_weight,equity_sentiment_tilt,2023-09-29,Industrials,0.1,0.09412681196318302,-0.005873188036816981
equity_equal_weight,equity_sentiment_tilt,2023-09-29,Materials,0.1,0.10466336685799926,0.004663366857999257
equity_equal_weight,equity_sentiment_tilt,2023-09-29,RealEstate,0.1,0.11768825452817883,0.01768825452817882
equity_equal_weight,equity_sentiment_tilt,2023-09-29,Tech,0.1,0.08875370346430628,-0.011246296535693728
equity_equal_weight,equity_sentiment_tilt,2023-09-29,Utilities,0.1,0.09379713136450445,-0.006202868635495559
equity_equal_weight,equity_sentiment_tilt,2023-10-31,Comm,0.1,0.09787265286446717,-0.0021273471355328366
equity_equal_weight,equity_sentiment_tilt,2023-10-31,Consumer,0.1,0.10085612524449088,0.0008561252444908712
equity_equal_weight,equity_sentiment_tilt,2023-10-31,Energy,0.1,0.09659928269958569,-0.003400717300414316
equity_equal_weight,equity_sentiment_tilt,2023-10-31,Financials,0.1,0.10052775916542359,0.0005277591654235803
equity_equal_weight,equity_sentiment_tilt,2023-10-31,Healthcare,0.1,0.09458985304394865,-0.005410146956051354
equity_equal_weight,equity_sentiment_tilt,2023-10-31,Industrials,0.1,0.10603629168679538,0.00603629168679537
equity_equal_weight,equity_sentiment_tilt,2023-10-31,Materials,0.1,0.10526723573239483,0.0052672357323948205
equity_equal_weight,equity_sentiment_tilt,2023-10-31,RealEstate,0.1,0.10632596316868742,0.006325963168687415
equity_equal_weight,equity_sentiment_tilt,2023-10-31,Tech,0.1,0.09278798394132982,-0.0072120160586701815
equity_equal_weight,equity_sentiment_tilt,2023-10-31,Utilities,0.1,0.09913685245287657,-0.0008631475471234384
equity_equal_weight,equity_sentiment_tilt,2023-11-30,Comm,0.1,0.09514479696673003,-0.0048552030332699725
equity_equal_weight,equity_sentiment_tilt,2023-11-30,Consumer,0.1,0.09765244658444368,-0.0023475534155563277
equity_equal_weight,equity_sentiment_tilt,2023-11-30,Energy,0.1,0.0954764597602584,-0.004523540239741608
equity_equal_weight,equity_sentiment_tilt,2023-11-30,Financials,0.1,0.10025721000255342,0.00025721000255340964
equity_equal_weight,equity_sentiment_tilt,2023-11-30,Healthcare,0.1,0.0993985753591238,-0.0006014246408762025
equity_equal_weight,equity_sentiment_tilt,2023-11-30,Industrials,0.1,0.10140732468114008,0.0014073246811400764
equity_equal_weight,equity_sentiment_tilt,2023-11-30,Materials,0.1,0.1028363206285231,0.002836320628523098
equity_equal_weight,equity_sentiment_tilt,2023-11-30,RealEstate,0.1,0.09976873778057685,-0.00023126221942315617
equity_equal_weight,equity_sentiment_tilt,2023-11-30,Tech,0.1,0.10814417523630351,0.008144175236303508
equity_equal_weight,equity_sentiment_tilt,2023-11-30,Utilities,0.1,0.09991395300034726,-8.604699965274187e-05
